,Date,Weights,Profit,Base Profit,PEP,KO,MNST,BBY,TGT,WMT,COST,FB,GOOGL,AAPL,AMZN,cash
0,2019-03-20,"[0.10583752 0.07977045 0.07998488 0.07998102 0.08182872 0.08179894
 0.08170525 0.08179888 0.08208252 0.08199889 0.08197452 0.0812384 ]",0.9968704313152791,0.9967682637025489,0.0797704475731759,0.07998488362569871,0.07998102325956064,0.08182871688153533,0.08179893822515649,0.08170524825523316,0.08179888248085372,0.08208252409422846,0.08199889210024994,0.08197452111593648,0.0812384037372134,0.10583751865115779
1,2019-03-21,"[0.10581949 0.07977736 0.07999637 0.07999227 0.08182959 0.08180247
 0.081708   0.08180779 0.08206133 0.08199773 0.08197237 0.08123524]",0.9934100000941464,0.993164737100039,0.07977736239737253,0.07999637176824795,0.079992270624046,0.08182958515778999,0.08180246703255717,0.0817079969545947,0.08180778719855873,0.0820613301757623,0.08199773044591183,0.0819723671419558,0.08123523916579302,0.10581949193741001
2,2019-03-22,"[0.10582694 0.07977852 0.07999663 0.07996437 0.08183314 0.08180075
 0.08170786 0.08181144 0.08206731 0.08200696 0.08196226 0.08124384]",0.9973623448769676,0.9972138216124924,0.07977851506405406,0.07999662879408052,0.07996436599160835,0.08183313805372892,0.08180074518178174,0.08170786239782026,0.0818114415511849,0.0820673059577764,0.0820069604400126,0.08196225903482865,0.08124383592356754,0.10582694160955607
3,2019-03-25,"[0.10588249 0.0797791  0.08000111 0.07996453 0.08181433 0.08179052
 0.08170496 0.08179784 0.08207003 0.08200553 0.08195891 0.08123065]",1.0046347673054474,1.0046137408845688,0.07977909640802479,0.08000111340664372,0.07996452870205883,0.0818143251684032,0.0817905223040826,0.08170496147536524,0.08179784144920756,0.08207002558823565,0.08200553032933097,0.08195891137140177,0.08123065328249428,0.10588249051475133
4,2019-03-26,"[0.10584639 0.0797809  0.0799955  0.0799481  0.08183918 0.08180611
 0.0817134  0.08181707 0.08206225 0.08198981 0.08196872 0.08123257]",0.9924498072204283,0.9921113293937264,0.07978089916087949,0.07999549546479987,0.0799481032795242,0.08183918343226718,0.08180610844673994,0.08171339799530392,0.08181706902015816,0.08206225046626929,0.08198981039622454,0.08196871995413942,0.08123256856479946,0.10584639381889444
5,2019-03-27,"[0.10582386 0.07978119 0.07999628 0.07995646 0.08182413 0.08179383
 0.08171111 0.08181042 0.08206043 0.08198283 0.08196509 0.08129435]",1.0034007807143677,1.0034239444602786,0.0797811942815563,0.07999628368927846,0.07995645992311605,0.08182413340916452,0.081793826231059,0.081711114954353,0.0818104218644047,0.08206043106212849,0.08198283320824629,0.08196508869887119,0.08129435338346694,0.10582385929435505
6,2019-03-28,"[0.10585799 0.07977533 0.07998528 0.07996212 0.08183002 0.08179649
 0.08171139 0.08180095 0.0820723  0.08199203 0.08196802 0.0812481 ]",1.0029905299355888,1.003065498886854,0.07977532712546845,0.07998527787896008,0.07996211907744698,0.08183001588055154,0.08179648785031528,0.08171138565732605,0.08180094803412379,0.08207230240543269,0.08199202972840959,0.08196801979854601,0.0812480960139182,0.1058579905495013
7,2019-03-29,"[0.10583602 0.07978355 0.079999   0.07997225 0.08182797 0.08179905
 0.08171158 0.08180931 0.0820723  0.08198342 0.08195974 0.08124581]",0.9993911073727221,0.9993442855407079,0.07978354844665607,0.07999900071118787,0.07997224875592406,0.08182796584604421,0.08179905117155832,0.08171158194671181,0.08180931008434907,0.08207229687425932,0.08198342432546579,0.08195974226797414,0.08124580874084938,0.10583602082901988
8,2019-04-01,"[0.10588974 0.07977909 0.07999636 0.07995827 0.08176863 0.08179644
 0.08172672 0.08179365 0.08206932 0.08198566 0.08196865 0.08126747]",1.0033925412103353,1.0034494763146558,0.07977909307904185,0.07999636211688133,0.07995826815005479,0.08176862850146667,0.08179644063945754,0.08172672294291027,0.08179364729934452,0.08206931832473019,0.0819856618322235,0.0819686490756047,0.08126747256757468,0.10588973547071003
9,2019-04-02,"[0.10590243 0.07977649 0.07998969 0.07995605 0.08171141 0.0818233
 0.08176089 0.08181521 0.08206643 0.08198661 0.08196321 0.08124827]",1.0072741855235556,1.0074447970541962,0.07977648774719598,0.07998968992102969,0.07995605117307017,0.08171141163463441,0.08182329511504424,0.08176089083456496,0.08181520961210109,0.08206643455000397,0.08198660921324566,0.08196321455457972,0.08124827326121355,0.1059024323833166
10,2019-04-03,"[0.10581583 0.07978562 0.08000407 0.07996573 0.0817598  0.08182316
 0.08174685 0.08180834 0.08207245 0.08199898 0.08196661 0.08125256]",1.0064969925357687,1.0065766632918725,0.07978561576748198,0.08000406944047163,0.07996572840255026,0.08175980005160742,0.0818231648398964,0.08174685102825786,0.08180833851655726,0.08207244975825798,0.08199898342263835,0.08196660632884116,0.08125255965630769,0.10581583278713196
11,2019-04-04,"[0.10588016 0.07978076 0.07999797 0.07994976 0.08176773 0.08182308
 0.08175062 0.08182512 0.08205842 0.08198663 0.08195013 0.08122961]",1.009795785193485,1.0099570461630794,0.07978075827054672,0.07999796842558403,0.07994976195660859,0.08176772846013985,0.08182308497386552,0.08175061961773623,0.08182512319384373,0.08205842477646111,0.08198663476542378,0.08195012631970679,0.08122960604470797,0.1058801631953756
12,2019-04-05,"[0.10583278 0.07978528 0.08000613 0.07996044 0.08175452 0.08181971
 0.08174529 0.08180659 0.08208114 0.08199182 0.08196051 0.0812558 ]",1.0100678475670979,1.0102044041564766,0.07978527609565715,0.08000612588770097,0.07996044124474166,0.08175451625979661,0.08181970533918091,0.08174529309998209,0.08180659063172761,0.0820811441383747,0.08199181663096602,0.08196050913075924,0.08125580002645169,0.1058327815146613
13,2019-04-08,"[0.10592731 0.07978073 0.07999421 0.07994921 0.08174847 0.08181579
 0.08174232 0.08180217 0.08206373 0.08197851 0.08194944 0.08124811]",1.019356226158302,1.0197527245486646,0.07978072705171593,0.07999420955077123,0.07994920735572757,0.08174846680650492,0.08181578844850323,0.08174232172908552,0.08180217175471309,0.0820637326563296,0.08197851423597789,0.08194943719366782,0.08124810903697655,0.10592731418002661
14,2019-04-09,"[0.10582711 0.07978404 0.08000098 0.07995929 0.08176079 0.08182863
 0.08174533 0.08180743 0.08208286 0.08198683 0.0819588  0.08125792]",1.018273260805513,1.018649126163039,0.07978403914906969,0.0800009778524208,0.07995928856093984,0.08176079363871606,0.08182862926252499,0.08174532538783091,0.08180743253540927,0.08208286413474812,0.08198682694678343,0.081958795297124,0.08125791703499352,0.1058271101994392
15,2019-04-10,"[0.10589663 0.07978123 0.07999716 0.07995572 0.08175553 0.08181591
 0.08174168 0.08180804 0.08207506 0.08197606 0.0819552  0.0812418 ]",1.0199799826896416,1.0203980416064082,0.07978122607566765,0.07999715619871604,0.07995571798728286,0.08175552711932664,0.08181591356696127,0.08174168309798963,0.08180803789826642,0.08207505937960217,0.08197605527588449,0.0819551985324394,0.08124179717528164,0.10589662769258172
16,2019-04-11,"[0.10590079 0.07977724 0.07999035 0.07995632 0.08175878 0.08182251
 0.08174495 0.08181637 0.08206427 0.08197088 0.08195454 0.081243  ]",1.0240673836165624,1.0246768573412395,0.07977724139467042,0.07999034537937778,0.07995632302822914,0.08175878473923794,0.08182250890642198,0.08174495437737797,0.08181636923564643,0.08206426979494122,0.08197087565772777,0.08195453975317402,0.08124299562398292,0.10590079210921235
17,2019-04-12,"[0.10585673 0.07978088 0.07999707 0.07997084 0.08175712 0.08181516
 0.08174084 0.08180679 0.08207738 0.08197688 0.08195558 0.08126472]",1.0260519191759345,1.026727588854124,0.07978087890251075,0.0799970708926179,0.07997083962071506,0.08175712162912578,0.08181516400008626,0.08174084318343369,0.08180678941807708,0.08207738269512396,0.08197687945705603,0.08195557504284018,0.08126472097187575,0.10585673418653765
18,2019-04-15,"[0.10585369 0.07977996 0.07999546 0.07996584 0.08175999 0.0818214
 0.08174145 0.08182402 0.08207648 0.08197658 0.0819588  0.08124633]",1.024650956521388,1.0252592635384594,0.07977995981172852,0.07999546286068936,0.07996583658615865,0.08175999293946043,0.08182140114601777,0.08174144630155597,0.0818240175824908,0.08207648134049965,0.08197658476511911,0.08195880366701888,0.08124632698420595,0.10585368601505508
19,2019-04-16,"[0.10588332 0.07978104 0.08000018 0.07996306 0.08175848 0.08181937
 0.08173994 0.08180737 0.08206933 0.08197239 0.08194935 0.08125617]",1.0223325653093345,1.0228376331027915,0.07978103668321773,0.08000018345666438,0.07996305916849332,0.08175848113835393,0.08181937085905171,0.0817399371170274,0.081807374368451,0.08206933044153376,0.08197238686261021,0.08194935104350275,0.0812561672131413,0.10588332164795236
20,2019-04-17,"[0.10592648 0.07977439 0.07998548 0.0799439  0.08175856 0.08181908
 0.0817383  0.08179491 0.0820758  0.08197714 0.08195185 0.08125412]",1.031170309092509,1.0319727268020962,0.07977439147441202,0.07998547529785281,0.0799438987566109,0.08175855821118624,0.08181908279762636,0.08173830287060888,0.0817949050959902,0.0820757972103835,0.08197714223201506,0.08195184627379565,0.08125411862233775,0.10592648115718062
21,2019-04-18,"[0.10582659 0.07978485 0.07999744 0.07996775 0.08176277 0.08182543
 0.08174335 0.08181319 0.08208354 0.08198081 0.08195839 0.08125588]",1.0350671091185513,1.036026786045294,0.07978484758779389,0.07999743586139864,0.07996775412142018,0.08176277198788627,0.08182543456835971,0.08174334924678417,0.08181319328473412,0.08208354215901066,0.08198080565798356,0.08195838738994994,0.08125588370106326,0.1058265944336157
22,2019-04-22,"[0.10596297 0.07976168 0.07998051 0.07995044 0.08175764 0.08181641
 0.08173828 0.08180559 0.08206996 0.0819714  0.08194492 0.08124021]",1.0405870807694229,1.0417843815269676,0.07976168422643926,0.07998050547449359,0.07995044385763615,0.0817576359531126,0.08181640953143188,0.08173827533181337,0.08180559240043837,0.082069955343369,0.0819714003813731,0.08194491506891524,0.0812402138625462,0.10596296856843125
23,2019-04-23,"[0.10587411 0.07977663 0.07999307 0.07996819 0.08176041 0.0818194
 0.08174096 0.08180777 0.08207334 0.08197717 0.08195573 0.08125323]",1.0373196196537677,1.038396820968931,0.07977662639573203,0.07999307172196538,0.0799681901065308,0.08176040524848097,0.0818193992173746,0.08174095740965247,0.0818077684310218,0.08207333553947121,0.08197717325576816,0.08195573100971218,0.0812532278924973,0.10587411377179307
24,2019-04-24,"[0.1058323  0.07977498 0.07999782 0.07996771 0.08176983 0.0818256
 0.0817457  0.08182009 0.08207147 0.08197978 0.08195529 0.08125945]",1.0419158745484194,1.0431428167746288,0.07977497848422221,0.07999781560005864,0.07996771427073049,0.08176982687096121,0.08182559912118705,0.08174569937443925,0.08182008857454875,0.08207146513928015,0.08197977905335485,0.08195528527626914,0.08125944971576349,0.10583229851918483
25,2019-04-25,"[0.10592979 0.07976457 0.07998212 0.07995621 0.08175316 0.08181434
 0.08173857 0.08180166 0.08207895 0.08198802 0.08195342 0.08123919]",1.0528275211186058,1.0544182033530336,0.07976457158807805,0.07998212167901637,0.07995620849834438,0.08175316434965343,0.08181433920619817,0.0817385696252092,0.08180165824384274,0.08207894869253464,0.08198801814151635,0.08195341901606094,0.08123918777162441,0.10592979318792148
26,2019-04-26,"[0.10590954 0.07977053 0.07999608 0.07997252 0.08175578 0.08182039
 0.08173952 0.08180003 0.08207713 0.08197952 0.08195237 0.08122659]",1.056518242159799,1.0581413121105265,0.07977052922816685,0.07999607576089135,0.07997252383375038,0.08175578290160822,0.08182038719490269,0.0817395203130414,0.08180002983088984,0.08207713480877524,0.08197951681185012,0.08195237480734945,0.08122658735533937,0.10590953715343525
27,2019-04-29,"[0.10584379 0.07976169 0.08000501 0.07996687 0.08176567 0.08182927
 0.08174412 0.08181748 0.08208455 0.08196628 0.08194519 0.0812701 ]",1.047757839708935,1.0492470483905896,0.07976168765144095,0.08000500594813542,0.0799668651264481,0.08176566599245573,0.08182926708458726,0.08174412356034207,0.08181748136052207,0.08208454581532981,0.08196627853285356,0.08194518689886224,0.08127010448391153,0.10584378754511131
28,2019-04-30,"[0.10576552 0.07975222 0.08001621 0.07996122 0.08176728 0.08183463
 0.08174723 0.08181933 0.08153159 0.08135246 0.08132159 0.08313073]",1.0528967713467532,1.0545891633402071,0.07975221733712766,0.08001620966818743,0.07996121553607408,0.08176728232066864,0.08183463303398378,0.08174723076342283,0.08181932580956804,0.08153159197823605,0.0813524572183142,0.08132158583619467,0.08313072853054712,0.1057655219676755
29,2019-05-01,"[0.10646719 0.07974343 0.07999814 0.07996052 0.08174431 0.08180574
 0.08173004 0.08179504 0.08146478 0.08130646 0.08127313 0.08271121]",1.0475051766469898,1.0490530069114814,0.07974342728985721,0.07999814480898144,0.07996051658506279,0.08174430818852702,0.08180573817773866,0.08173004403241306,0.0817950417414576,0.08146478345605339,0.08130646313106915,0.0812731266450857,0.08271121189066069,0.1064671940530932
30,2019-05-02,"[0.10605094 0.07974337 0.07999224 0.07994862 0.08175161 0.0818365
 0.08173607 0.08179842 0.08196437 0.08185991 0.08178234 0.0815356 ]",1.0551571286340427,1.0569916935954897,0.07974337371926642,0.07999224484054455,0.07994861876887815,0.08175160929096133,0.08183649533886836,0.08173606969988095,0.08179842407569399,0.08196436962790639,0.08185991400538713,0.081782342139637,0.0815355962444143,0.10605094224856157
31,2019-05-03,"[0.10610506 0.07975466 0.08001451 0.07996802 0.08176388 0.08183987
 0.08174239 0.08182162 0.08192513 0.081825   0.08170947 0.08153038]",1.0436667806886204,1.0451029537348888,0.07975465879274507,0.08001451041853257,0.07996801989991884,0.08176388400181336,0.08183987347062494,0.08174238588921386,0.08182162433168884,0.08192513186428957,0.08182499656746398,0.08170947218640025,0.08153037776807803,0.10610506480923065
32,2019-05-06,"[0.10612885 0.07974775 0.08000379 0.07994578 0.0817457  0.08182618
 0.08173468 0.0818019  0.08195161 0.08185748 0.08171134 0.08154495]",1.0563707601933048,1.058330705553576,0.079747750942671,0.08000378901644045,0.07994578250332773,0.08174569744324742,0.0818261750553617,0.08173467846990809,0.0818019028619919,0.08195161004736914,0.08185747653643713,0.08171133767861247,0.08154495313821564,0.10612884630641718
33,2019-05-07,"[0.1062189  0.07973019 0.07997477 0.0799419  0.08175329 0.08184083
 0.08173377 0.08179755 0.08192991 0.08184906 0.08170955 0.08152028]",1.0446911053667798,1.0462826586042213,0.07973019169390014,0.07997476554395092,0.07994190442786804,0.0817532895379475,0.08184082731188146,0.08173377372616962,0.08179755364475097,0.08192990567547781,0.08184906438714772,0.08170955304974088,0.08152027581084849,0.10621889519031648
34,2019-05-08,"[0.10598807 0.07976057 0.0800127  0.07997845 0.08175665 0.08184154
 0.08173801 0.08180822 0.08196938 0.08188744 0.08174014 0.08151883]",1.0490432890711539,1.0507469027779637,0.07976057459347645,0.08001269600034198,0.07997844724003789,0.08175665107990043,0.08184153870430168,0.08173800581192925,0.08180821741493155,0.08196938382356711,0.08188744344938617,0.08174013862354586,0.08151882946589029,0.10598807379269143
35,2019-05-09,"[0.10597156 0.07975252 0.08000945 0.0799671  0.08177108 0.08184585
 0.08174386 0.08182829 0.08196028 0.08187113 0.08173669 0.08154218]",1.0388948395637945,1.0402713537156156,0.07975251762705374,0.08000944697375734,0.079967104081144,0.08177107596257406,0.0818458483614662,0.08174386305251012,0.0818282926652469,0.08196028358556504,0.08187113421166249,0.08173669497495649,0.08154218059300347,0.10597155791105989
36,2019-05-10,"[0.10611369 0.07974637 0.07999916 0.0799553  0.08175732 0.08183653
 0.08173988 0.08180558 0.08193505 0.08185427 0.08171816 0.08153867]",1.0335092742660017,1.0347166588694077,0.07974637441101987,0.07999916164660295,0.07995530209523175,0.08175732381389071,0.08183653332394467,0.08173988081214795,0.08180557865085203,0.08193505400574938,0.08185426756656182,0.08171815602463296,0.08153867393451021,0.10611369371485548
37,2019-05-13,"[0.10601956 0.0797515  0.08000509 0.0799631  0.08177266 0.08184819
 0.0817437  0.08180045 0.08195303 0.08187064 0.08173436 0.08153773]",1.0332876591793447,1.0344915279010578,0.07975149540810342,0.08000508808848002,0.07996310162850724,0.08177265948007031,0.08184818795108761,0.08174369865367741,0.08180044527897033,0.08195303412809496,0.08187064252355669,0.08173435962983953,0.08153772872790778,0.10601955850170469
38,2019-05-14,"[0.10610014 0.07974224 0.07998622 0.07995518 0.0817631  0.0818424
 0.08173533 0.08178997 0.08194664 0.08186962 0.08173195 0.08153721]",1.022207467966165,1.023157056181581,0.07974224492236347,0.07998621975219018,0.07995518393763329,0.08176309633765183,0.08184240030460153,0.08173532622963942,0.08178997358297714,0.08194663755163434,0.08186962243242184,0.08173194697189963,0.08153720607293193,0.10610014190405533
39,2019-05-15,"[0.10585245 0.07975783 0.0800088  0.07997498 0.08179239 0.08184974
 0.08174953 0.0818341  0.08198039 0.08188407 0.08175809 0.08155764]",1.0151886777630055,1.0159792495758073,0.07975783495053497,0.08000880498223067,0.07997497729234623,0.08179238610824549,0.08184973749215772,0.08174952851547959,0.08183409917308496,0.08198038738555304,0.08188407264540258,0.08175808550193689,0.0815576359088806,0.10585245004414712
40,2019-05-16,"[0.10617633 0.07974261 0.07998977 0.07995403 0.08175326 0.08182873
 0.08173448 0.08179991 0.08192552 0.08184381 0.08170747 0.08154408]",1.0121769385394386,1.0128918847614936,0.07974261225481982,0.07998976720935576,0.0799540310469089,0.08175326163984385,0.08182872805401577,0.08173447537668685,0.08179991273601446,0.08192551744415127,0.08184380930318037,0.08170746604352654,0.0815440839089925,0.10617633498250399
41,2019-05-17,"[0.10611073 0.07974244 0.0799892  0.07995538 0.08177096 0.08184982
 0.0817392  0.08179617 0.08192875 0.08187437 0.0817233  0.08151969]",1.031289187780877,1.0326128441504836,0.07974244416436387,0.079989195564998,0.07995538196425002,0.08177095753758284,0.08184981769221991,0.08173919527699745,0.08179617206511604,0.08192875153954647,0.08187436616338721,0.08172329904562053,0.08151969132477749,0.10611072766114005
42,2019-05-20,"[0.10605339 0.07974571 0.07999057 0.07996012 0.08176595 0.08184821
 0.08173535 0.08179093 0.08196047 0.08190647 0.08173706 0.08150577]",1.027709188563246,1.028967829965934,0.07974571065354046,0.07999057057787465,0.07996011595411354,0.08176595337239988,0.08184820530926808,0.08173534961425583,0.08179093462585756,0.08196047150339322,0.08190647385674633,0.08173705606348515,0.08150576763588514,0.1060533908331801
43,2019-05-21,"[0.10599627 0.07974813 0.08000156 0.07996824 0.08177122 0.08185261
 0.08173931 0.08179801 0.081963   0.08189423 0.08173705 0.08153037]",1.0232474970137058,1.0243611880352579,0.07974812808733121,0.08000156470151328,0.07996823562613942,0.0817712234713578,0.08185260935209754,0.08173930666358785,0.08179800620239877,0.0819630046855388,0.08189423427084179,0.08173705004592802,0.08153037068489752,0.10599626620836809
44,2019-05-22,"[0.10603545 0.07974613 0.07999817 0.07996153 0.08176706 0.08184627
 0.08173455 0.08179605 0.08195651 0.08187511 0.08174358 0.08153959]",1.0291120955833464,1.030408044026849,0.07974613089400091,0.07999817231315444,0.07996152683562614,0.081767058613403,0.08184626706629101,0.08173454639505603,0.08179604908656127,0.08195650876154609,0.08187511343508658,0.08174358490014037,0.08153958821022506,0.10603545348890905
45,2019-05-23,"[0.10610693 0.07974504 0.07999726 0.07996199 0.08176081 0.08184878
 0.08173575 0.08179591 0.08193581 0.08186254 0.08171521 0.08153398]",1.0346608712157004,1.0360645655496887,0.07974504273159963,0.07999725912182276,0.07996198653043052,0.08176080501179533,0.08184877559244486,0.08173575103278073,0.08179591266138835,0.08193580806724325,0.08186253577203466,0.08171520894334956,0.0815339834538159,0.10610693108129443
46,2019-05-24,"[0.10606902 0.07974013 0.07998438 0.0799575  0.08176531 0.08182998
 0.08173294 0.08180001 0.08195808 0.08189178 0.08174382 0.08152704]",1.0309930729227712,1.0323227482072566,0.07974013429884066,0.07998438180428775,0.07995750065860588,0.08176531151889102,0.08182997723756924,0.0817329402989941,0.08180000626507013,0.08195808404851662,0.08189178318441852,0.08174381814688222,0.08152704056767653,0.10606902197024749
47,2019-05-28,"[0.10597135 0.07974957 0.07999922 0.07996574 0.08178339 0.08184085
 0.081739   0.08180866 0.08197206 0.08189007 0.08173736 0.08154272]",1.030328195972757,1.031657621345702,0.0797495662952556,0.07999922078392878,0.07996574389597763,0.08178339070400055,0.08184085301729194,0.08173900141739548,0.08180865945250683,0.08197205858776536,0.0818900712850955,0.08173736305329614,0.08154272427716454,0.10597134723032184
48,2019-05-29,"[0.10611285 0.07974373 0.07999629 0.07995525 0.08175821 0.08182106
 0.08173156 0.0818063  0.08193699 0.0818738  0.08172659 0.08153737]",1.0303402513123257,1.031648461787165,0.07974372885846884,0.07999629465078933,0.07995524759299026,0.08175820981778101,0.08182106259642294,0.08173156190650757,0.08180629589781575,0.0819369936607515,0.08187379936483466,0.08172659125908806,0.08153736875485687,0.10611284563969317
49,2019-05-30,"[0.10602056 0.07975274 0.0800083  0.07996644 0.0817789  0.08182892
 0.08173734 0.08181312 0.08194771 0.08188597 0.08173554 0.08152445]",1.0202541931332574,1.021190487919289,0.07975274314662965,0.0800083021590174,0.07996643841449926,0.0817788995315704,0.08182892221071211,0.08173734054265673,0.08181312475147907,0.08194770524756052,0.0818859669937276,0.08173554485197104,0.0815244506739916,0.10602056147618455
50,2019-05-31,"[0.105964   0.07974958 0.08000582 0.07995634 0.08178198 0.08182414
 0.08174205 0.0818356  0.0819753  0.08189221 0.08174198 0.08153101]",1.0199934744154935,1.0209190706834539,0.07974957705310269,0.08000581626855541,0.07995633911332202,0.08178197915720108,0.08182413690702417,0.08174205459250361,0.08183560124908916,0.0819752971822616,0.08189220910510618,0.0817419837019352,0.08153100847814483,0.10596399719175409
51,2019-06-03,"[0.10608947 0.0797479  0.07999118 0.07995085 0.08177253 0.0818187
 0.08173707 0.08180775 0.08194737 0.08187141 0.08172984 0.08153593]",1.0114399773702611,1.0121384026690017,0.07974790142125607,0.07999118425766492,0.0799508542380977,0.08177252611402752,0.08181870044294876,0.08173706521937975,0.08180775371046219,0.08194736522945699,0.08187140958130698,0.08172984155352372,0.08153593209634324,0.10608946613553207
52,2019-06-04,"[0.1059156  0.07975711 0.08000716 0.07996447 0.08179643 0.08182643
 0.08174379 0.0818195  0.08198265 0.0818911  0.08174919 0.08154657]",1.0042333411393765,1.0047467877188156,0.07975711450930785,0.08000716077790973,0.07996446742434835,0.08179642703776566,0.08182643262781987,0.08174379410803798,0.08181950123181451,0.0819826517137887,0.08189109836253607,0.08174918736447108,0.08154656679986143,0.10591559804233873
53,2019-06-05,"[0.10604927 0.07974447 0.07998716 0.07994933 0.08177258 0.08181074
 0.08173942 0.08180642 0.08197258 0.08185458 0.08174237 0.08157109]",1.0055414840797718,1.0062016754023086,0.07974446579528459,0.07998715729535347,0.07994933091764123,0.0817725759287922,0.08181074382167298,0.08173942230129184,0.08180641825128371,0.08197257741338178,0.0818545782216113,0.08174237319237315,0.08157108752586367,0.10604926933545016
54,2019-06-06,"[0.10621897 0.07974798 0.0799966  0.07995878 0.0817787  0.08181346
 0.08173331 0.08178981 0.08187963 0.08181592 0.08171547 0.08155138]",1.018898195649389,1.0199151544049059,0.07974798078554549,0.07999660085650487,0.07995878010073142,0.08177869619220837,0.08181345952412478,0.08173330929060463,0.08178980852564437,0.08187963296147723,0.08181592225587207,0.08171546528273592,0.0815513781258226,0.10621896609872823
55,2019-06-07,"[0.10606094 0.07974014 0.07998476 0.0799501  0.08179216 0.08182259
 0.08173564 0.08179769 0.08195474 0.08188832 0.08175308 0.08151985]",1.0207693771149444,1.0219227825659776,0.07974013504218504,0.07998476084722392,0.07995010031995801,0.08179215986616027,0.08182258623852295,0.08173563602807703,0.08179769404704289,0.08195473819224111,0.08188832159095989,0.0817530767433533,0.08151985233863157,0.1060609387456441
56,2019-06-10,"[0.1059413  0.07974807 0.07999424 0.07996253 0.08169243 0.08170219
 0.08167146 0.08219167 0.08194739 0.08187142 0.08174894 0.08152836]",1.029204611656922,1.0306488467858548,0.07974807123074605,0.07999423815716801,0.07996252720306748,0.08169243265488695,0.08170218536775023,0.08167145635385872,0.08219167060540826,0.08194739440995073,0.08187141840176457,0.081748939447133,0.0815283635632698,0.10594130260499611
57,2019-06-11,"[0.10624216 0.07973722 0.07998411 0.07994988 0.08177682 0.08175493
 0.08174016 0.08178081 0.08192539 0.08186311 0.08173276 0.08151266]",1.0471395799599676,1.0491385170240182,0.07973722090394121,0.0799841102090746,0.07994987543198499,0.0817768170821604,0.08175492759825558,0.08174015602667395,0.08178080734482644,0.08192539177170657,0.08186311252740476,0.08173275914383041,0.08151266199833138,0.10624215996180975
58,2019-06-12,"[0.10601606 0.07974697 0.07999813 0.07997127 0.0818371  0.08176246
 0.08174642 0.08182613 0.0819577  0.08188561 0.08175213 0.08150002]",1.0593009849750687,1.0616680753574825,0.07974697056032065,0.0799981293214256,0.07997126683266025,0.08183710119751289,0.08176245643224617,0.0817464169741684,0.08182612745447855,0.0819577014423347,0.0818856136440132,0.08175213330768241,0.08150002122408428,0.10601606160907293
59,2019-06-13,"[0.10610988 0.07974336 0.07999767 0.07996401 0.08180051 0.0817484
 0.08173327 0.08182185 0.08194822 0.08187498 0.08174716 0.0815107 ]",1.0532969963381347,1.0554498637099137,0.07974335623314995,0.07999766528409637,0.07996400785082661,0.08180050590919781,0.08174840187089583,0.08173327121666787,0.08182184869469356,0.0819482155234231,0.08187498394335531,0.08174715977734498,0.08151070085443353,0.10610988284191501
60,2019-06-14,"[0.10609596 0.07974224 0.07999311 0.07995532 0.08180134 0.08174602
 0.08173179 0.08182175 0.0819658  0.08186671 0.08175242 0.08152754]",1.0531740567997352,1.055301295466742,0.07974223905472869,0.07999311415968473,0.07995531538603577,0.08180134415039411,0.08174601915510958,0.08173179058784048,0.08182174654691732,0.08196580210264634,0.08186671028933913,0.08175242098305563,0.08152754107962817,0.10609595650462002
61,2019-06-17,"[0.10613807 0.07974995 0.08000895 0.07996829 0.08179027 0.08174448
 0.08173124 0.08181315 0.08193176 0.08185562 0.0817405  0.08152773]",1.0512800328583702,1.053222164884118,0.07974994794325853,0.0800089463194867,0.07996829148515722,0.08179027332170949,0.08174447770010364,0.08173124156983202,0.08181314901509922,0.08193176037103123,0.08185561817274598,0.08174049611219976,0.08152773044406049,0.10613806754531564
62,2019-06-18,"[0.10614403 0.07974548 0.07999517 0.07993429 0.08180008 0.08174434
 0.08173105 0.08182269 0.08194626 0.08186759 0.08174643 0.08152259]",1.055191095382408,1.0572664600125048,0.07974547969391045,0.079995166924741,0.07993428903930824,0.0818000838344475,0.08174433539066692,0.08173104602114117,0.08182269021525239,0.08194625848914547,0.0818675896576951,0.08174643271721763,0.08152259325919295,0.10614403475728114
63,2019-06-19,"[0.10617166 0.07974708 0.08000353 0.07995782 0.08179349 0.08174112
 0.08173006 0.08181922 0.08193267 0.08185179 0.0817302  0.08152138]",1.0692471602342684,1.071780923078056,0.07974707764463336,0.0800035288196434,0.0799578160318959,0.08179348650067671,0.08174111644750383,0.08173006374764161,0.08181921719331722,0.08193266703213178,0.08185178829871383,0.0817302001495151,0.0815213830095446,0.10617165512478284
64,2019-06-20,"[0.10614694 0.07974732 0.08000193 0.07995892 0.08178524 0.08174008
 0.08172883 0.08182172 0.08196502 0.08185988 0.08172827 0.08151586]",1.065009770460363,1.067342680120107,0.07974731556408297,0.08000192597303675,0.0799589216556464,0.08178523894889017,0.08174008097677157,0.08172883153020798,0.0818217171802761,0.08196502080302705,0.08185987849082174,0.0817282739171331,0.08151585547417414,0.10614693948593212
65,2019-06-21,"[0.10613223 0.07974439 0.07999448 0.0799551  0.08180065 0.08174074
 0.08173051 0.08182725 0.08195554 0.08186019 0.08173942 0.08151951]",1.074025331476812,1.076713382654858,0.07974438712783541,0.07999448035266056,0.07995509973953792,0.08180065082463663,0.08174074003574151,0.0817305130237481,0.08182724850893693,0.08195553822204277,0.08186019322687595,0.0817394166953483,0.08151950658789035,0.10613222565474562
66,2019-06-24,"[0.1062264  0.07974032 0.07998849 0.07995134 0.08178008 0.08173685
 0.08172615 0.08181546 0.08194138 0.08184561 0.08172535 0.08152257]",1.07245545905578,1.0751226491226846,0.07974031854440974,0.0799884897669494,0.07995134064451652,0.08178007812293783,0.08173684721415742,0.0817261460649419,0.08181546380409832,0.08194137859806382,0.08184561272802798,0.08172535156663946,0.08152256988098022,0.10622640306427736
67,2019-06-25,"[0.10610853 0.07974671 0.07999969 0.07996337 0.08179556 0.08174179
 0.0817307  0.08183538 0.08195712 0.08185279 0.08173507 0.0815333 ]",1.0770132223859197,1.0798383748401315,0.07974670583678699,0.07999968898941037,0.07996337398710326,0.08179555678872422,0.08174178845991588,0.08173070392304631,0.08183538261405722,0.08195711812208875,0.0818527911089551,0.0817350701480498,0.08153329501632253,0.10610852500553951
68,2019-06-26,"[0.10615781 0.07974228 0.07999351 0.07995779 0.08178768 0.08174195
 0.08172861 0.08182542 0.08195379 0.08184892 0.08172973 0.08153252]",1.0758209297557644,1.0786106218876501,0.07974228381453743,0.0799935097448196,0.07995779415101856,0.08178768030119071,0.08174194752115037,0.0817286063345908,0.08182541637850807,0.08195378536563233,0.08184891741227453,0.08172973366656831,0.0815325186569739,0.10615780665273533
69,2019-06-27,"[0.10609078 0.07974568 0.0799996  0.0799588  0.08179826 0.08173828
 0.08173136 0.08183329 0.08197473 0.08184514 0.08174303 0.08154104]",1.0678783309924476,1.070399453154183,0.07974568491071506,0.07999960354787958,0.07995880373154216,0.08179825771217142,0.08173828063062615,0.0817313606802937,0.08183329470292908,0.08197473288186768,0.08184514067593503,0.08174302502238673,0.08154103932682359,0.10609077617682981
70,2019-06-28,"[0.10622502 0.07974462 0.07999923 0.07995621 0.08177822 0.08173326
 0.08172635 0.08182752 0.08194092 0.08181698 0.08171742 0.08153424]",1.0681027484574805,1.0706026946681948,0.07974462423763284,0.0799992289944171,0.07995620571341684,0.08177822358001852,0.08173326012638826,0.08172635424064667,0.0818275235143048,0.08194092056378607,0.08181698068924752,0.08171742016974738,0.0815342385354168,0.10622501963497709
71,2019-07-01,"[0.1061817  0.07974397 0.07999432 0.07995734 0.08178801 0.08173759
 0.08172553 0.08181649 0.08195072 0.08184337 0.0817394  0.08152158]",1.0681322874800572,1.0706431303742145,0.07974397138356197,0.07999431902962865,0.07995734123190305,0.08178800724151268,0.08173759066730184,0.08172553090704442,0.0818164860217473,0.08195071733974336,0.08184336545090967,0.08173939947626051,0.08152157603272345,0.10618169521766316
72,2019-07-02,"[0.10618254 0.07974519 0.07999515 0.07995685 0.08177899 0.08173782
 0.08172414 0.08182194 0.08195164 0.08184384 0.08173495 0.08152697]",1.0799411761978959,1.082754997162489,0.07974518611344325,0.07999514531783175,0.07995684572992097,0.08177899199836763,0.08173781760229389,0.08172413830141624,0.08182193713531388,0.0819516373509175,0.08184383724328649,0.08173495408053637,0.08152697080921337,0.10618253831745855
73,2019-07-03,"[0.10624399 0.07973909 0.07998294 0.07995181 0.08177476 0.08173895
 0.08172212 0.0818142  0.08195526 0.08183973 0.08171859 0.08151855]",1.0818185532362627,1.08477871521864,0.07973908923646028,0.07998294412644244,0.07995181125467968,0.0817747564471673,0.08173895289352444,0.08172211935769919,0.08181420201724698,0.08195525939034445,0.08183972906462414,0.08171858948845061,0.08151855482371376,0.10624399189964671
74,2019-07-05,"[0.1061912  0.07974377 0.0799901  0.07996109 0.081791   0.0817408
 0.08172314 0.08181188 0.08195183 0.08185082 0.08172962 0.08151475]",1.0866294307250883,1.0897560858360533,0.07974376756901334,0.07999009650609422,0.0799610935509635,0.08179100345247069,0.08174079924239802,0.08172313780707187,0.08181187968964865,0.08195183057237201,0.08185081911262523,0.08172962008962194,0.08151474869977818,0.10619120370794229
75,2019-07-08,"[0.10625548 0.0797353  0.07998359 0.07995186 0.08177679 0.08173667
 0.0817196  0.08180462 0.08195076 0.0818446  0.0817217  0.08151903]",1.088576731030842,1.0917468405067434,0.0797352968599007,0.07998359333009834,0.07995185784390427,0.08177679367297531,0.08173667327256903,0.08171960299460358,0.08180461525198099,0.08195076161358497,0.08184459760991214,0.0817217046387678,0.0815190257790364,0.10625547713266648
76,2019-07-09,"[0.10617313 0.07974352 0.07999207 0.07996592 0.08178384 0.0817395
 0.08172303 0.08182192 0.08196076 0.08184678 0.08172699 0.08152254]",1.091126696574592,1.0944216075382105,0.07974352101585307,0.0799920721139065,0.07996591945747528,0.08178383917639177,0.08173950153372903,0.08172303004832919,0.08182192259023296,0.08196075726883024,0.08184677849267762,0.0817269900823968,0.08152254192753373,0.10617312629264385
77,2019-07-10,"[0.10621312 0.07973762 0.07999019 0.07995948 0.08177911 0.08173576
 0.0817203  0.08181009 0.08195564 0.08184545 0.08173505 0.08151818]",1.0890527210090646,1.0922637448818044,0.07973762469642291,0.0799901908623802,0.07995947504950036,0.0817791059628298,0.08173576343456608,0.0817202986202135,0.08181009361119937,0.08195564443269938,0.08184544804930033,0.0817350546674047,0.08151817853262631,0.10621312208085698
78,2019-07-11,"[0.1061861  0.07976896 0.08000964 0.07997405 0.08178341 0.08173889
 0.08172248 0.08181672 0.08194218 0.08183059 0.08171596 0.08151102]",1.09554539150919,1.0989191504686928,0.07976896262496183,0.08000963540111838,0.07997404917692955,0.0817834133678585,0.08173888805835372,0.08172247790928033,0.08181672479812983,0.08194217566644574,0.08183058591849317,0.08171596347865774,0.0815110247541236,0.10618609884564761
79,2019-07-12,"[0.10624744 0.0796244  0.08004652 0.08000726 0.0817813  0.08173633
 0.08172085 0.08181299 0.08195479 0.08184699 0.0817201  0.08150103]",1.1011113488100217,1.1046938578309156,0.07962439681613254,0.08004652020637007,0.08000725775377979,0.08178130448478851,0.0817363279695242,0.08172084867907817,0.08181298801767259,0.08195478685537552,0.08184699293092587,0.08172010196705713,0.08150103435225639,0.10624743996703917
80,2019-07-15,"[0.10624554 0.07965336 0.08002171 0.07999431 0.08176859 0.08173362
 0.08171562 0.08179885 0.08197243 0.08185562 0.08172822 0.08151213]",1.1032533428344484,1.1069003181655905,0.07965336078739167,0.08002170660385517,0.0799943131432103,0.08176858516064617,0.0817336228060617,0.08171561588817912,0.08179885056345396,0.08197242740135106,0.08185561823625667,0.08172822497438322,0.0815121309573386,0.10624554347787248
81,2019-07-16,"[0.10629231 0.07965187 0.08002134 0.07998941 0.08177489 0.08174411
 0.08171552 0.0818095  0.08193956 0.08183452 0.08170957 0.0815174 ]",1.1101572782334295,1.1140129718018077,0.07965186784034745,0.08002134398687123,0.07998940972556048,0.08177489317745919,0.08174411432350745,0.08171551770037151,0.08180950088512715,0.08193956274381878,0.08183451926280126,0.08170956909860631,0.08151739607906623,0.10629230517646293
82,2019-07-17,"[0.10624648 0.07964706 0.08002102 0.07999106 0.0817765  0.08174963
 0.0817175  0.08181593 0.08196513 0.08184228 0.08171728 0.08151012]",1.1108424044023917,1.114710709478833,0.07964706389885215,0.08002102175034863,0.07999105980980102,0.08177650243081555,0.08174962896259776,0.08171750253635425,0.08181593031198478,0.08196513203198318,0.08184227702221193,0.08171728448972981,0.08151011857860899,0.10624647817671193
83,2019-07-18,"[0.10623777 0.07965357 0.08002204 0.07999103 0.08177943 0.08173736
 0.08171949 0.08181957 0.0819576  0.08184036 0.08172234 0.08151944]",1.1110911383462043,1.1149791589379623,0.07965357215466418,0.08002203620323742,0.07999102733583541,0.08177942714737292,0.08173735633649151,0.0817194917180816,0.08181957276007766,0.0819576003447492,0.08184036482546503,0.08172233951674562,0.08151944034899312,0.10623777130828642
84,2019-07-19,"[0.10621073 0.07965659 0.08002487 0.07999525 0.08177763 0.08174518
 0.08172115 0.08182004 0.08196309 0.08183838 0.0817217  0.08152539]",1.105452666003239,1.10915844633853,0.07965659093988178,0.0800248734680869,0.07999525227444954,0.081777626599313,0.0817451817218556,0.08172114763204293,0.08182004415467611,0.08196309210983534,0.08183837545974326,0.08172170024432054,0.08152538568529233,0.1062107297105028
85,2019-07-22,"[0.10625948 0.07965239 0.08002771 0.07999547 0.08177524 0.08173631
 0.08171955 0.08181673 0.08195032 0.08182823 0.08171102 0.08152755]",1.1095922116074293,1.1134018956624274,0.07965238751892735,0.08002771422914634,0.0799954748890162,0.08177523872620272,0.08173630927629827,0.08171954877957699,0.08181672774140836,0.08195032070804655,0.08182822998282091,0.08171101896064932,0.08152755014796191,0.1062594790399453
86,2019-07-23,"[0.10615527 0.07966636 0.08004147 0.0799998  0.08177412 0.08174399
 0.08172304 0.08182815 0.08196161 0.08184414 0.08173448 0.08152757]",1.1000052541065202,1.1034074561625424,0.0796663630086901,0.08004146892355161,0.07999979516866386,0.08177412175815482,0.08174399454017238,0.0817230396653073,0.08182815066960591,0.08196160514424462,0.081844138112461,0.08173447928721543,0.08152757455082046,0.10615526917111234
87,2019-07-24,"[0.10631711 0.079652   0.08002666 0.0799802  0.08177069 0.08174104
 0.08172102 0.08182239 0.08192918 0.08182083 0.08170173 0.08151713]",1.1096933129568196,1.1134877117129143,0.07965200360861274,0.0800266641310137,0.07998019594844935,0.08177069369186934,0.08174104106444083,0.08172102354432334,0.08182238893924873,0.0819291833046798,0.08182083343666192,0.08170172800155336,0.08151713474205202,0.10631710958709491
88,2019-07-25,"[0.10629019 0.0796578  0.07999761 0.07997748 0.081769   0.08173564
 0.08172089 0.08181677 0.08195925 0.08184576 0.08172099 0.08150862]",1.1062120241220426,1.1099429413491118,0.07965780253786167,0.0799976066354211,0.07997748477682443,0.08176899974357572,0.08173563750892733,0.0817208927220498,0.0818167682776003,0.08195924862965091,0.08184575897571371,0.08172098900444837,0.08150861937406324,0.10629019181386345
89,2019-07-26,"[0.10623734 0.07967066 0.08003277 0.07999309 0.08176733 0.08174109
 0.08172122 0.08181411 0.08194637 0.08184172 0.08172114 0.08151318]",1.1125798850826152,1.1164429246460308,0.0796706574815759,0.08003277292901102,0.07999308953227034,0.08176732669333205,0.08174108571960002,0.08172121610335495,0.0818141092721393,0.0819463676904402,0.0818417151675493,0.08172114117172558,0.08151318195509356,0.10623733628390787
90,2019-07-29,"[0.10608901 0.07958487 0.08017627 0.07998671 0.08178243 0.08174854
 0.08172777 0.0818275  0.08198126 0.08184115 0.08172854 0.08152594]",1.1129203263546725,1.11678507541273,0.07958487036102585,0.0801762717903168,0.07998670548828808,0.08178243497227189,0.08174853979611213,0.08172777203372866,0.08182750180787703,0.0819812604460456,0.08184114686473144,0.0817285423609346,0.08152594372933687,0.10608901034933109
91,2019-07-30,"[0.10628773 0.079642   0.07993775 0.07999842 0.08176734 0.0817421
 0.0817202  0.08181074 0.08196939 0.08187268 0.08172224 0.0815294 ]",1.1175122394614836,1.1216081118502774,0.0796419984984622,0.07993775367711024,0.0799984203436797,0.08176734218283636,0.081742103167778,0.08172020081325276,0.08181073680972473,0.08196938709272965,0.08187268064261045,0.08172223939299278,0.08152940313180204,0.10628773424702102
92,2019-07-31,"[0.10619199 0.07963433 0.07999865 0.08001483 0.08177608 0.0817465
 0.08172551 0.08182472 0.0819596  0.08190609 0.08170555 0.08151614]",1.111238646276962,1.1151316440946042,0.07963433044079678,0.07999865376068045,0.08001483389134656,0.08177608106511905,0.08174649697244157,0.08172550638329414,0.08182471755299218,0.08195960200544355,0.08190609028072401,0.0817055537863165,0.08151614215468073,0.10619199170616449
93,2019-08-01,"[0.10623896 0.07963206 0.07999531 0.0800116  0.08177533 0.08174822
 0.08172423 0.08181972 0.08193886 0.08186509 0.08171246 0.08153816]",1.1128005593667707,1.1167158443499656,0.07963205647275004,0.07999531118376274,0.08001160167798453,0.0817753262172499,0.08174822136314312,0.08172423484750681,0.0818197163733492,0.08193886039987498,0.08186508993765286,0.08171246433222226,0.08153816049186854,0.10623895670263521
94,2019-08-02,"[0.10617121 0.07963747 0.08001048 0.08002363 0.08177838 0.08175198
 0.08173099 0.08183036 0.08197007 0.08186108 0.08170213 0.0815322 ]",1.1024998257150864,1.1060305246333382,0.07963747444319635,0.08001048314305877,0.08002362733831112,0.08177837861468287,0.08175197889538795,0.08173098876603704,0.08183036340160851,0.0819700702625164,0.08186108243049635,0.08170213416938367,0.08153220491810277,0.10617121361721814
95,2019-08-05,"[0.10619109 0.0796313  0.0800027  0.08001808 0.0818264  0.08174314
 0.08173041 0.08182677 0.08197886 0.08189864 0.08159301 0.0815596 ]",1.076160174806158,1.0788005667042733,0.07963129838771738,0.08000270174702277,0.08001808468404091,0.08182640099611166,0.0817431405605346,0.0817304097398196,0.08182676743974734,0.08197886414639856,0.08189864242335541,0.08159300615711187,0.08155959670721678,0.10619108701092307
96,2019-08-06,"[0.10620646 0.079631   0.07999673 0.0800153  0.08176288 0.08174635
 0.08173138 0.08182435 0.0819892  0.08190562 0.08164349 0.08154723]",1.0592669121085327,1.0614394007645358,0.07963100263797593,0.07999673330623891,0.0800152991649196,0.08176288094900842,0.08174635058682135,0.08173138456520325,0.08182435228855929,0.08198919516167108,0.08190562091142557,0.08164349165462002,0.08154722777590477,0.1062064609976519
97,2019-08-07,"[0.10600999 0.07964912 0.0800277  0.08002676 0.0818081  0.08175566
 0.08173938 0.0818526  0.08199567 0.0819087  0.08166383 0.08156248]",1.0467545370780278,1.0483639210308657,0.07964912248714787,0.08002770240370018,0.08002676406622129,0.08180810149180612,0.08175565995007704,0.08173938049620354,0.08185259555001442,0.08199566701885136,0.08190870269796656,0.08166383406880091,0.0815624793894393,0.1060099903797715
98,2019-08-08,"[0.10642928 0.079619   0.07998578 0.07997486 0.08176762 0.08174241
 0.08172115 0.08179131 0.08193526 0.08187132 0.08161613 0.0815459 ]",1.050094166062452,1.0518597866188053,0.0796189973135862,0.07998577834527952,0.07997485955385204,0.08176761504097578,0.08174241215857726,0.08172114830162261,0.08179130658566204,0.08193525840916413,0.08187132223773759,0.08161612950372854,0.08154589579148054,0.10642927675833368
99,2019-08-09,"[0.10619493 0.07963599 0.07999825 0.08000686 0.08179228 0.08176151
 0.08172551 0.08180483 0.08198227 0.08192285 0.08164602 0.08152871]",1.0594143664493663,1.0613614676521745,0.07963598665788368,0.07999824674915931,0.0800068610079294,0.08179227556604597,0.08176151234343344,0.081725505612881,0.08180482561738028,0.08198227148849103,0.08192285261863601,0.08164602333109018,0.08152870819184153,0.10619493081522816
100,2019-08-12,"[0.10627425 0.07963544 0.07999601 0.08000205 0.08178101 0.08175243
 0.08172377 0.08181462 0.08195719 0.0819063  0.08163035 0.08152658]",1.0768272938147823,1.0795568833388989,0.07963543985861699,0.07999601278360653,0.08000204692571918,0.08178100774101368,0.0817524325648245,0.08172377409117891,0.0818146204545547,0.08195718923042951,0.08190630034542604,0.08163035396725837,0.08152657500092277,0.10627424703644882
101,2019-08-13,"[0.10605081 0.07963922 0.08001743 0.08004037 0.08180226 0.08175881
 0.08173348 0.08182887 0.08200322 0.0819366  0.08165464 0.08153429]",1.0598688844656998,1.061976423132777,0.07963922382571652,0.08001743133902935,0.08004036539459669,0.0818022619944689,0.08175881370925078,0.08173347575176539,0.08182887320899312,0.08200321571742114,0.08193660118734661,0.0816546407325005,0.08153428896859695,0.10605080817031401
102,2019-08-14,"[0.1061884  0.07963099 0.08001327 0.07999964 0.08178781 0.08174832
 0.0817341  0.08183124 0.08197624 0.08189941 0.081639   0.08155159]",1.0520032077204975,1.0537758283029415,0.07963098651856909,0.08001327035581039,0.07999963711754532,0.0817878063582801,0.08174831837312084,0.08173409728162001,0.08183124111080826,0.08197624142299344,0.08189941424725419,0.08163900179512201,0.08155158907879864,0.10618839634007776
103,2019-08-15,"[0.10644243 0.07962233 0.07998993 0.0799768  0.08175484 0.08173838
 0.08171662 0.08178552 0.08194493 0.08188168 0.08161257 0.08153396]",1.0607736593258819,1.0628798450076244,0.07962233062970585,0.07998993340202766,0.07997680435456403,0.08175483579256762,0.08173837648268907,0.08171661873076053,0.08178551899378488,0.0819449346634626,0.08188168210267946,0.0816125732947753,0.08153395775624561,0.10644243379673742
104,2019-08-16,"[0.10590404 0.07964724 0.0800291  0.08002612 0.08182702 0.0817671
 0.08174335 0.08186642 0.08202573 0.08193892 0.08167021 0.08155475]",1.0619537124626781,1.064086598829261,0.07964723767883321,0.08002909771617071,0.08002612019193209,0.08182701692488813,0.0817671000656781,0.08174335089363012,0.08186642256083823,0.08202573354418297,0.08193891527286389,0.08167021192492813,0.08155474882125241,0.10590404440480199
105,2019-08-19,"[0.1063698  0.07962223 0.07998869 0.07998135 0.08178306 0.08174005
 0.08171846 0.08179654 0.0819328  0.08188086 0.08163039 0.08155575]",1.0666027076424132,1.0689448042131415,0.07962223333862473,0.07998869434625706,0.0799813475025778,0.08178306302576045,0.08174004905188025,0.08171846466093158,0.08179654465759724,0.08193279946263693,0.08188086225830155,0.08163038883250401,0.081555749591802,0.10636980327112662
106,2019-08-20,"[0.10624689 0.07963167 0.0800014  0.08000328 0.08178243 0.0817583
 0.08171168 0.08181368 0.08197432 0.08191093 0.08163069 0.08153474]",1.0813324616566355,1.0841517746445175,0.07963167435223871,0.08000140023599021,0.08000328443371406,0.08178242721060995,0.08175829875762147,0.08171167707633886,0.08181367619572208,0.08197431507683606,0.081910926243309,0.08163068903679378,0.08153473937650568,0.10624689200432004
107,2019-08-21,"[0.1062633  0.07962856 0.0799996  0.0799994  0.08178941 0.08175122
 0.08171372 0.08181098 0.08196687 0.08191219 0.08163165 0.0815331 ]",1.0800168970973227,1.082804395320763,0.07962855990928662,0.07999960431341238,0.07999940086415652,0.08178940983916347,0.08175121957681768,0.08171371692133418,0.08181097664039386,0.08196687300020342,0.08191219102232002,0.08163164773826394,0.08153309678072516,0.10626330339392291
108,2019-08-22,"[0.10611572 0.07963589 0.08001705 0.08001062 0.0817989  0.08175526
 0.08172522 0.081835   0.0819931  0.08192485 0.08164516 0.08154322]",1.0976820385829555,1.101006945805343,0.07963588941261306,0.08001705085400207,0.08001062006979576,0.08179889698694935,0.08175526369071871,0.08172522014183133,0.08183500133284677,0.08199310479573109,0.08192484813701753,0.08164516113915524,0.08154321852428247,0.10611572491505653
109,2019-08-23,"[0.10637551 0.07962431 0.07999706 0.07999927 0.08175514 0.08173526
 0.08170633 0.08178229 0.08196243 0.08189197 0.08162845 0.08154197]",1.1002234426284978,1.1035900372649912,0.07962430549249383,0.07999706194203343,0.07999926925009662,0.08175514352779636,0.08173526367385828,0.0817063339486124,0.08178228520548923,0.08196243250315391,0.0818919674118626,0.08162845472580302,0.08154197318633558,0.10637550913246478
110,2019-08-26,"[0.10619127 0.07962982 0.08000522 0.08000737 0.08179811 0.0817514
 0.08172668 0.08180478 0.08198212 0.08191434 0.08164185 0.08154703]",1.094131102244046,1.0973091966130517,0.07962982445603091,0.08000522200414871,0.08000737016564985,0.0817981142416416,0.08175140090643215,0.08172668316704625,0.081804779142868,0.08198211578093068,0.08191433641685622,0.08164184597800492,0.08154703426242427,0.10619127347796649
111,2019-08-27,"[0.10601484 0.07964207 0.08002651 0.08000793 0.08181398 0.08175042
 0.08173985 0.08185254 0.08199299 0.08191663 0.08166836 0.08157388]",1.0840914621063784,1.0869058587399119,0.0796420696422297,0.08002650527824309,0.08000792855342372,0.08181397654281491,0.0817504199010286,0.08173985339283425,0.0818525393444803,0.08199299376028903,0.08191663068102359,0.08166835563736928,0.08157388436256512,0.10601484290369848
112,2019-08-28,"[0.10642294 0.07961148 0.07998737 0.07998362 0.0817703  0.08172473
 0.08172142 0.08179137 0.08194151 0.08187094 0.08161555 0.08155877]",1.0967102253006058,1.0999861163001003,0.07961148000815735,0.07998737089516005,0.07998361934388372,0.08177029923302465,0.0817247333482502,0.0817214172828455,0.08179136819760047,0.08194151016002942,0.08187093821228258,0.08161555476397479,0.08155877314276881,0.1064229354120226
113,2019-08-29,"[0.10621388 0.07963273 0.080007   0.08000435 0.08179285 0.0817367
 0.08172215 0.08178398 0.08198336 0.08192483 0.0816515  0.08154664]",1.0947561217854038,1.0979825159666396,0.0796327341711368,0.0800070045750325,0.08000435349014298,0.08179284826876489,0.08173670420486247,0.0817221544720418,0.08178398191812568,0.08198336162517819,0.08192483345176543,0.08165149882105587,0.08154664024991042,0.10621388475198298
114,2019-08-30,"[0.10626156 0.07962602 0.07999517 0.07999441 0.08178682 0.08173477
 0.08172384 0.08181533 0.08197227 0.08190615 0.08163392 0.08154974]",1.1078737596567134,1.1115872168186565,0.07962602401964014,0.07999516810604566,0.0799944092691433,0.08178682495853246,0.0817347664975781,0.0817238371649135,0.08181532990441552,0.0819722682526329,0.08190615135605395,0.08163391845739587,0.08154974327124222,0.10626155874240639
115,2019-09-03,"[0.10622414 0.07962874 0.08000835 0.08001222 0.0818165  0.08173341
 0.08172057 0.08181518 0.08196166 0.08190447 0.08162948 0.08154528]",1.1090567667375104,1.11278987858545,0.07962874407334922,0.08000834613664405,0.08001222220833278,0.08181650121359962,0.08173341088619214,0.08172057149780028,0.08181517835346967,0.0819616590944318,0.08190447077836246,0.08162948322272318,0.08154527542721438,0.10622413710788045
116,2019-09-04,"[0.10615982 0.07962709 0.08000031 0.0799995  0.08175682 0.08178393
 0.08172033 0.08185119 0.08198819 0.08192139 0.08164257 0.08154886]",1.0993491716749437,1.1027904202343806,0.07962708596597885,0.08000030834843073,0.07999950352772683,0.08175681870850443,0.08178393210034296,0.0817203349082334,0.08185119041584274,0.081988190761643,0.08192138742418242,0.08164257186422366,0.08154885668020073,0.10615981929469029
117,2019-09-05,"[0.10619924 0.07962799 0.08000456 0.08001266 0.0818047  0.08168368
 0.08173394 0.08184214 0.08198771 0.0819094  0.08164688 0.0815471 ]",1.1066035432399195,1.1103026431751803,0.07962799126403887,0.08000455865200456,0.080012660033392,0.08180469581370883,0.08168368315343398,0.08173393737620104,0.08184214241671299,0.08198771099952451,0.08190939945651443,0.08164688297743962,0.08154709887647957,0.10619923898054971
118,2019-09-06,"[0.10635244 0.07962101 0.07999452 0.07999247 0.08178297 0.08172184
 0.08171297 0.08181251 0.08195183 0.08188785 0.08162499 0.08154459]",1.1207124788002645,1.1248818836979875,0.07962100961016318,0.07999452130152442,0.0799924711479024,0.08178296851915014,0.08172184098724337,0.08171297023879084,0.08181251200786874,0.08195183433072814,0.08188785455638203,0.08162499382565491,0.08154458803172791,0.10635243544286398
119,2019-09-09,"[0.1062528  0.07963525 0.08001118 0.08000759 0.08178721 0.08172748
 0.0817169  0.08182673 0.08196866 0.08190448 0.08162708 0.08153464]",1.1228630556974584,1.127062870009769,0.07963525135688468,0.08001117889260183,0.08000758550324118,0.0817872131885821,0.08172748346874834,0.08171690255297262,0.08182673134188183,0.08196865839093914,0.08190447891237904,0.08162708107897464,0.08153463977419038,0.106252795538604
120,2019-09-10,"[0.10613086 0.07962442 0.08000674 0.08001285 0.08192814 0.08155176
 0.08181962 0.08182578 0.08199892 0.08192162 0.08164187 0.08153743]",1.1211169897925481,1.1251841010189891,0.07962441708828717,0.08000674004501077,0.080012848838397,0.08192813699516545,0.0815517600958895,0.08181962334874437,0.08182577773273009,0.08199892149059503,0.08192161552952984,0.08164186819614327,0.0815374279646258,0.10613086267488173
121,2019-09-11,"[0.10638426 0.07963046 0.08000907 0.07999329 0.08144925 0.08176792
 0.08185081 0.08189784 0.08195646 0.08188899 0.08162507 0.08154658]",1.1167129461216876,1.1205965155968285,0.07963045544471335,0.08000907483918428,0.079993294554004,0.08144924655332077,0.08176792315587109,0.08185081121997087,0.08189783600968452,0.08195646278667834,0.08188898569310932,0.08162507327231244,0.08154658024909005,0.10638425622206107
122,2019-09-12,"[0.1063276  0.07962696 0.0800019  0.08000054 0.08164589 0.08171311
 0.08177697 0.08186252 0.081979   0.08189363 0.08162281 0.08154907]",1.118534270737637,1.122485140224235,0.0796269602252192,0.08000190072074406,0.08000054497250739,0.08164588833178396,0.08171310983146028,0.08177697005482484,0.08186252163299178,0.08197899819839034,0.08189362655486113,0.08162280885302914,0.08154907123169602,0.10632759939249198
123,2019-09-13,"[0.10637932 0.07962504 0.08000183 0.08000458 0.08163967 0.08171791
 0.08177722 0.08187807 0.08194286 0.08187545 0.08160933 0.08154873]",1.126947145260381,1.1312141575559966,0.07962504080234434,0.08000182503144812,0.08000458014789165,0.08163967307757557,0.08171790704124497,0.08177722088850325,0.08187807246478956,0.08194285650493695,0.08187544616624147,0.08160933045079685,0.0815487287659192,0.10637931865830821
124,2019-09-16,"[0.10637548 0.07962355 0.07999638 0.07999171 0.08163287 0.08171393
 0.08177291 0.08185406 0.08196846 0.08190029 0.08163141 0.08153896]",1.1237579537410185,1.1278901491550635,0.07962354871908889,0.07999638061824842,0.07999171034592628,0.0816328693850641,0.0817139280998808,0.08177290786704088,0.08185405831022667,0.08196846161198885,0.08190028656975044,0.0816314115538113,0.08153896153775762,0.10637547538121571
125,2019-09-17,"[0.10632239 0.07962992 0.08000479 0.08000186 0.08164239 0.08171892
 0.08177823 0.08185257 0.08196576 0.08190059 0.08163686 0.08154573]",1.1197145066608578,1.123751480967623,0.07962992460440456,0.08000478670529818,0.08000185522718174,0.08164238913379933,0.08171892056817878,0.08177823092664449,0.08185256719775096,0.08196576175959609,0.08190058518673304,0.08163685629619077,0.08154573455440645,0.10632238783981565
126,2019-09-18,"[0.10631775 0.07962987 0.08000442 0.08001083 0.08163214 0.08171443
 0.08178469 0.08187289 0.08196343 0.08188988 0.08161981 0.08155986]",1.119653914619002,1.1236827759367976,0.07962987422321412,0.08000442080005817,0.08001083479185916,0.081632138916758,0.08171442833675219,0.0817846932145007,0.08187288689361193,0.08196342789796492,0.08188987863569484,0.08161980744109523,0.08155985684799141,0.10631775200049932
127,2019-09-19,"[0.10639878 0.07962201 0.08000123 0.08000803 0.0816422  0.08170931
 0.08177046 0.08184176 0.08194812 0.08188126 0.0816225  0.08155435]",1.1209512668761643,1.1249934686900736,0.0796220069447182,0.08000122791967476,0.08000802618284703,0.08164219835994166,0.08170931121813459,0.08177046089571208,0.08184176388802974,0.08194811511782672,0.08188125666592448,0.08162250473376406,0.08155434804990923,0.10639878002351741
128,2019-09-20,"[0.10636628 0.07962754 0.08000149 0.07999696 0.08164314 0.08171599
 0.08177488 0.08185097 0.08196374 0.0818888  0.08162189 0.08154832]",1.1238345257329674,1.1279863293549823,0.07962753914981588,0.08000149179700335,0.07999695584807348,0.08164313927903948,0.08171598619795575,0.08177488060923872,0.08185096835849331,0.08196373844510993,0.08188880270178923,0.08162189459729206,0.08154831877054368,0.10636628424564516
129,2019-09-23,"[0.10636771 0.07962537 0.0799974  0.07999914 0.08163506 0.08171003
 0.08177552 0.08186925 0.08195276 0.0818903  0.08162699 0.08155046]",1.1255175069589838,1.1297348578505215,0.07962537408321088,0.0799973974119818,0.07999914482345664,0.08163505830741981,0.08171003353239288,0.08177552151182216,0.08186924781943378,0.08195276435814328,0.08189029989541007,0.08162699018906823,0.08155045929948093,0.10636770876817965
130,2019-09-24,"[0.10629641 0.07963142 0.08001283 0.08000819 0.08164499 0.08171638
 0.0817767  0.08185741 0.08196981 0.08189745 0.08162975 0.08155867]",1.1156193056855255,1.1194936397124131,0.07963142026313724,0.0800128273055191,0.08000818651423641,0.08164499019649243,0.08171638144768806,0.08177669543796227,0.0818574120663835,0.08196980888039063,0.08189744642619351,0.08162975396313336,0.08155866500989156,0.10629641248897184
131,2019-09-25,"[0.10642972 0.07962097 0.0799923  0.07999234 0.08162601 0.08170209
 0.08176908 0.08184678 0.08196497 0.08187904 0.08161552 0.08156116]",1.1262133467973934,1.1304777131942665,0.07962096541098312,0.07999230285615336,0.07999234489326222,0.08162601157284077,0.08170209139867941,0.08176908469441826,0.08184678033778409,0.08196496737193919,0.08187904332012479,0.08161552389897375,0.08156116357663848,0.10642972066820255
132,2019-09-26,"[0.10630294 0.07962974 0.08000317 0.08000675 0.08163702 0.08171867
 0.08177628 0.08185335 0.08197256 0.08189807 0.08162972 0.08157172]",1.1138093846898958,1.1176474383937076,0.07962973622033742,0.08000317480111128,0.08000675050686724,0.08163701878297851,0.08171866830523183,0.08177628303769505,0.08185334972419496,0.08197256170060056,0.08189807276427016,0.08162972440777409,0.08157171926987615,0.1063029404790627
133,2019-09-27,"[0.10642746 0.07962654 0.08000478 0.08000072 0.08163499 0.08170747
 0.08177555 0.08185084 0.08192947 0.08187368 0.08160826 0.08156024]",1.1174056724013848,1.1213701084412662,0.079626543709463,0.08000478240397005,0.08000072008851962,0.08163498835616734,0.0817074654192811,0.08177555087388375,0.08185084108916275,0.08192947494405613,0.08187367979799448,0.0816082554341794,0.08156023820274307,0.10642745968057928
134,2019-09-30,"[0.10630869 0.07962576 0.08000283 0.08000128 0.08163778 0.08171045
 0.08177921 0.0818524  0.08197623 0.08191585 0.08163168 0.08155785]",1.115388985087239,1.1192850724889878,0.07962575818087948,0.08000283445973792,0.08000127770535301,0.08163777857757065,0.08171044814141322,0.08177920915495808,0.08185239710985676,0.08197622776241659,0.08191584944889316,0.08163167823174856,0.08155784793145834,0.10630869329571431
135,2019-10-01,"[0.10635501 0.07962822 0.08000595 0.07999801 0.08162483 0.08170577
 0.08177507 0.08185856 0.08195802 0.08189586 0.08162586 0.08156885]",1.1122521845611708,1.1160484001814384,0.07962821990352853,0.08000594946967446,0.07999800715304699,0.0816248296414826,0.0817057675503557,0.0817750664689451,0.08185856353391005,0.08195801756565288,0.08189585996047545,0.08162585523608579,0.08156885244448836,0.106355011072354
136,2019-10-02,"[0.10644944 0.07962058 0.07999873 0.07999607 0.08162666 0.08170611
 0.08177147 0.08184046 0.08193991 0.0818811  0.08160982 0.08155965]",1.118600866128832,1.1226214992308703,0.07962058349283652,0.07999873029806662,0.07999607320930271,0.08162665958888948,0.08170610776057237,0.08177147326275604,0.08184045546819417,0.08193990776814296,0.08188109655620185,0.08160981812843511,0.08155965018629074,0.10644944428031147
137,2019-10-03,"[0.10625633 0.07963021 0.08001065 0.08001061 0.08163992 0.0817272
 0.08178428 0.08187388 0.08197069 0.08190616 0.08163356 0.08155651]",1.0991385192240806,1.1024283754734285,0.07963020948303846,0.08001065477310622,0.08001060716253729,0.08163992029200282,0.08172720214545276,0.08178427627385795,0.08187388292027363,0.08197068997286759,0.08190615739977969,0.0816335621448304,0.08155650519230728,0.10625633223994578
138,2019-10-04,"[0.10622408 0.07964353 0.0800347  0.07999844 0.08165152 0.08172575
 0.08178542 0.08185299 0.08196352 0.08190576 0.08164788 0.0815664 ]",1.093734178805833,1.0968896038158336,0.07964352914501165,0.0800347022363968,0.07999844429483428,0.08165151921424886,0.08172575142727803,0.08178542284619099,0.08185298975264649,0.08196352100621046,0.08190576198930592,0.08164787616393449,0.08156639849797233,0.10622408342596952
139,2019-10-07,"[0.10648902 0.07961096 0.07998603 0.07997548 0.08162892 0.0817133
 0.08177281 0.08183939 0.08193372 0.08187703 0.08161413 0.08155921]",1.10538296372911,1.1089090520961882,0.07961095809246162,0.07998602840136106,0.07997548338013934,0.081628920126603,0.08171329969379783,0.08177280881373182,0.0818393894478573,0.08193371850374075,0.08187702908501415,0.08161412770310326,0.08155921484891242,0.10648902190327736
140,2019-10-08,"[0.1064186  0.07962508 0.07999451 0.07999019 0.08163495 0.08170918
 0.08176765 0.08184503 0.08195799 0.08189661 0.08161142 0.08154879]",1.1141814901217888,1.1180229374610473,0.0796250833693339,0.07999450965386119,0.07999018753844081,0.08163495221260958,0.08170917593883838,0.0817676496302249,0.08184503071973333,0.0819579892498811,0.0818966126080586,0.08161142254113751,0.08154878694335703,0.1064185995945237
141,2019-10-09,"[0.10625276 0.07964155 0.08002291 0.08000855 0.0816443  0.08172692
 0.08178195 0.08185488 0.08196596 0.08191121 0.08163165 0.08155735]",1.1071722568133886,1.1107288123120318,0.07964155329295451,0.08002290504771584,0.08000855014300119,0.08164430290102503,0.08172691561509889,0.08178195421663544,0.08185488344234573,0.08196596378169063,0.08191120510743342,0.08163165242953778,0.08155735102022005,0.10625276300234157
142,2019-10-09,"[0.10629932 0.07963215 0.0800095  0.07999092 0.081649   0.08171424
 0.08177622 0.08186249 0.08196295 0.08189955 0.08163294 0.08157073]",1.112956422865812,1.1167344487110855,0.07963215396003076,0.08000949897331713,0.07999091546858945,0.08164899549938844,0.0817142387625146,0.0817762166017074,0.08186248856150388,0.08196295064849471,0.08189954944924131,0.08163294018442654,0.08157072694699254,0.10629932494379321
