,Date,Weights,Profit,Base Profit,PEP,KO,KDP,MNST,BBY,TGT,WMT,COST,FB,GOOGL,AAPL,AMZN,cash
0,2019-03-20,"[0.09919835 0.07505548 0.07515822 0.07518143 0.07510365 0.07512055
 0.0750852  0.07521173 0.07515822 0.07505089 0.0751599  0.07494848
 0.0745679 ]",0.9968471942384046,0.9967492371812249,0.07505547507379355,0.0751582196290517,0.07518143240487844,0.0751036548319918,0.07512055462083214,0.07508519822727304,0.07521172564875166,0.07515821509836627,0.07505088729448044,0.07515990144853053,0.07494848193215672,0.07456789995999863,0.09919835382989498
1,2019-03-21,"[0.09918321 0.07505874 0.07516096 0.07518491 0.07510763 0.07511615
 0.07508903 0.07521349 0.07515962 0.07504929 0.07515555 0.07495517
 0.07456623]",0.992488432415583,0.9922635927113648,0.07505873856830506,0.07516096240076783,0.0751849123227696,0.0751076337496431,0.07511615383661793,0.07508902648682686,0.07521349173215443,0.07515962167115706,0.07504929081657835,0.07515555481263642,0.074955172988346,0.07456622902454883,0.09918321158964857
2,2019-03-22,"[0.09919093 0.07505814 0.07516037 0.07518925 0.07510036 0.07511634
 0.07509431 0.07521898 0.07516076 0.07503412 0.0751606  0.07495296
 0.07456288]",0.996830526875956,0.9967494006443062,0.07505813757164191,0.07516036857815772,0.07518924953631842,0.07510036472373666,0.07511634410893574,0.07509430588171016,0.07521898183455022,0.07516075709231478,0.07503411778227417,0.07516059910706256,0.07495296359064904,0.07456288022086859,0.09919092997177989
3,2019-03-25,"[0.09918648 0.07505265 0.07516338 0.07518962 0.07509466 0.07511754
 0.07509376 0.07522368 0.07516438 0.07503338 0.07516109 0.07495737
 0.07456201]",1.004171783201679,1.0043211289285565,0.07505264515730636,0.07516337978857637,0.07518961528994829,0.07509465788115594,0.07511754383455868,0.07509376367176002,0.07522367772271503,0.07516438224856742,0.0750333837299985,0.07516108695258476,0.07495737091006179,0.07456200831027468,0.09918648450249214
4,2019-03-26,"[0.09917116 0.07505048 0.07515714 0.07518906 0.07508874 0.07512673
 0.07509699 0.07523008 0.07516423 0.07503348 0.07516304 0.07496316
 0.0745657 ]",0.9919816776081964,0.9917407603894501,0.07505047755655321,0.07515714382698341,0.0751890581676524,0.07508874171189166,0.07512672790028535,0.07509698722178768,0.07523007956237508,0.07516423008575851,0.07503347826828717,0.0751630448781917,0.07496316352011866,0.07456570275451908,0.0991711645455961
5,2019-03-27,"[0.09917503 0.07504935 0.07515619 0.07518877 0.07509009 0.07512664
 0.07509363 0.07523469 0.0751643  0.07502514 0.07516405 0.07496696
 0.07456515]",1.0029822179053471,1.0030855940329046,0.07504935056885385,0.0751561947630264,0.07518876542192864,0.07509008682438356,0.07512664470471046,0.07509363328732743,0.07523468942319203,0.07516430272008384,0.07502513979424837,0.0751640504749609,0.07496696132787618,0.07456515392612519,0.0991750267632833
6,2019-03-28,"[0.09918007 0.07504895 0.07514022 0.07518769 0.07509369 0.07512887
 0.07509103 0.07523632 0.07516522 0.07502235 0.07516753 0.07497263
 0.07456544]",1.0030967763719858,1.0031999531648863,0.07504895029700359,0.07514022498673746,0.07518768872712955,0.0750936854405104,0.07512886660739618,0.07509102886900691,0.07523631917639415,0.07516521516595831,0.07502234988980686,0.07516753073320165,0.07497262734693272,0.07456544084669882,0.09918007191322337
7,2019-03-29,"[0.09917303 0.07505823 0.07513919 0.07518687 0.07509307 0.07512813
 0.07509544 0.075226   0.07516562 0.07502815 0.07516983 0.07496993
 0.07456651]",0.9993692866925327,0.9993536689963161,0.07505822934490809,0.07513919420138451,0.0751868695498661,0.07509307133035106,0.07512812646963131,0.07509543779411484,0.07522600088406886,0.07516562370206305,0.07502815105804957,0.07516983196860193,0.07496992523248587,0.07456650874763933,0.09917302971683561
8,2019-04-01,"[0.0991562  0.07505792 0.0751374  0.07518631 0.07509156 0.07513913
 0.07510003 0.07523002 0.07516281 0.07502887 0.07517315 0.07497015
 0.07456645]",1.0031977952924405,1.0033050521140434,0.07505791780176271,0.07513739775701966,0.07518631046620562,0.07509155787915868,0.07513913349889594,0.07510003048073953,0.07523001981475742,0.07516281468706199,0.07502887235879364,0.07517314629716815,0.07497014963904346,0.07456644697579658,0.09915620234359668
9,2019-04-02,"[0.09916361 0.07505456 0.07513322 0.07518677 0.075093   0.07514122
 0.07510292 0.07522633 0.07516443 0.07502658 0.0751725  0.0749687
 0.07456616]",1.0067130899603902,1.006932993312632,0.07505455542810222,0.07513321568428191,0.07518677306074642,0.07509300159654651,0.07514122088201242,0.07510291841978683,0.07522633263504167,0.07516442964656914,0.0750265774280694,0.07517249609574209,0.07496870300640428,0.07456616337154966,0.09916361274514757
10,2019-04-03,"[0.09917485 0.07505815 0.07513909 0.07518651 0.07509525 0.07513891
 0.07510548 0.07521903 0.07516596 0.07502015 0.0751673  0.07496631
 0.07456301]",1.0052579751725592,1.0054365735022002,0.07505814560327012,0.07513909377809136,0.07518651429790114,0.07509525309685786,0.07513891176574454,0.07510548010510035,0.07521902502035624,0.07516595928496375,0.07502014944426019,0.0751673037084897,0.07496630527184527,0.07456301345632252,0.09917484516679675
11,2019-04-04,"[0.09917868 0.07505881 0.07514076 0.07518699 0.07509405 0.07514181
 0.0751091  0.07522828 0.07516637 0.07500286 0.07516747 0.07496212
 0.07456269]",1.0069878621699806,1.007230989264743,0.0750588097229271,0.0751407591811996,0.07518699200940762,0.07509405488041976,0.0751418120652952,0.07510909718751906,0.07522828299518376,0.07516637023887246,0.07500285796682883,0.07516746901487409,0.07496212352259295,0.07456269278651487,0.09917867842836495
12,2019-04-05,"[0.09917868 0.0750615  0.07514456 0.07518469 0.07509459 0.07513672
 0.07510896 0.07522429 0.07516634 0.07501417 0.0751658  0.07495738
 0.07456231]",1.0079030858024387,1.0081734092600614,0.07506149860364963,0.07514456458905823,0.07518468901076925,0.07509459148389315,0.07513671544306494,0.07510896430220809,0.07522429054240237,0.075166342453489,0.07501416885505889,0.07516579688160735,0.07495738122997736,0.07456231276331587,0.09917868384150597
13,2019-04-08,"[0.09918145 0.07506451 0.07514494 0.07518641 0.07509621 0.07513953
 0.07510118 0.07521738 0.07516764 0.07501258 0.07516549 0.07495897
 0.0745637 ]",1.0160681334234214,1.0165911199058062,0.07506451388041296,0.07514494160544344,0.075186414813167,0.07509621164086597,0.07513952919840292,0.07510118246165741,0.07521738255742674,0.0751676378396499,0.07501257702760633,0.07516549093873191,0.07495896804829559,0.07456370292258564,0.09918144706575424
14,2019-04-09,"[0.09918526 0.07506261 0.07514417 0.07518535 0.07509577 0.07514611
 0.07510229 0.07520726 0.07516929 0.07501669 0.0751673  0.0749557
 0.07456221]",1.014748858906346,1.015231840023027,0.07506261072917805,0.07514417270043172,0.07518535178201564,0.07509577183397018,0.0751461078996244,0.07510228961155914,0.07520725514765192,0.07516928894894165,0.07501668721486855,0.07516729607959058,0.07495570042501361,0.07456220638172238,0.09918526124543206
15,2019-04-10,"[0.09918314 0.07506061 0.07514451 0.07518557 0.0750974  0.07514801
 0.07510128 0.07520348 0.07516914 0.07501914 0.07516827 0.07495761
 0.07456184]",1.0170278989522936,1.017588501615258,0.0750606065401419,0.07514450775924635,0.07518556960803592,0.07509740342795099,0.07514801444392566,0.07510127553667127,0.07520348335706233,0.0751691388401111,0.07501913885771545,0.07516827094852863,0.07495761347724504,0.07456183640117724,0.09918314080218811
16,2019-04-11,"[0.09918463 0.07505689 0.07514158 0.07518332 0.07509573 0.07514774
 0.0751059  0.07520906 0.07516772 0.0750136  0.07516867 0.07496184
 0.07456333]",1.0212893661343792,1.0219808877930086,0.07505688628299065,0.07514157623746175,0.07518331508888158,0.07509572735063015,0.07514774216838692,0.07510589787168744,0.07520906095695808,0.07516772371971689,0.07501360161723618,0.07516866607465021,0.07496184224090945,0.07456332767792323,0.09918463271256753
17,2019-04-12,"[0.09919268 0.0750581  0.07514281 0.07518298 0.07509865 0.07515089
 0.07510479 0.07520025 0.07516692 0.075014   0.07516691 0.07495827
 0.07456274]",1.0215059382889695,1.0222093663995369,0.07505809690937679,0.07514280590777399,0.07518298231673247,0.07509865250470991,0.07515089470665758,0.07510478635817061,0.0752002537328535,0.0751669203123241,0.07501400156259533,0.07516691484771891,0.07495826843808277,0.0745627425155017,0.09919267988750206
18,2019-04-15,"[0.09918842 0.07505451 0.0751394  0.07519523 0.07509636 0.07515161
 0.07511212 0.07519129 0.07516701 0.07501245 0.07516807 0.07496171
 0.07456182]",1.0193227701624241,1.0199563971483319,0.07505450925999789,0.07513940373785105,0.07519522999719229,0.07509636068404735,0.07515160815439915,0.07511212277625391,0.0751912929650765,0.07516700695571024,0.07501244795150225,0.07516807259648432,0.07496170854028786,0.07456182096199075,0.09918841541920645
19,2019-04-16,"[0.09918478 0.0750506  0.07513903 0.07520345 0.0750967  0.07515212
 0.07511288 0.07519531 0.07516741 0.07500753 0.07516482 0.07496373
 0.07456163]",1.0163411085800043,1.0168804857192177,0.07505059980919761,0.07513902824274796,0.07520345108476496,0.07509669761112127,0.0751521225544994,0.07511288077069198,0.07519531034906896,0.07516741040333312,0.07500753445059591,0.0751648246373818,0.07496373496968407,0.07456163006941859,0.0991847750474945
20,2019-04-17,"[0.09918488 0.07504748 0.07513509 0.07520558 0.07509445 0.07515705
 0.07510402 0.07519816 0.07516595 0.07501094 0.07516606 0.07496762
 0.07456272]",1.0247212971327537,1.0255218664241672,0.07504747944766316,0.07513509130271531,0.07520557543376545,0.07509445027987074,0.07515704873203358,0.07510401876719588,0.07519816172896289,0.07516594589320012,0.07501093704110809,0.07516606292257767,0.0749676187364024,0.07456272482783279,0.09918488488667193
21,2019-04-18,"[0.09918754 0.07505148 0.07513469 0.07520628 0.07509196 0.07515547
 0.07510407 0.07519889 0.07516585 0.07501232 0.07516483 0.07496568
 0.07456095]",1.0278521927244502,1.028758979349733,0.0750514762609339,0.07513468520103266,0.07520628057060733,0.07509195898835988,0.07515547182978179,0.07510406647290072,0.07519888866400766,0.0751658485396229,0.07501232185130866,0.07516482598414777,0.07496568042246977,0.07456095179639978,0.09918754341842728
22,2019-04-22,"[0.09918583 0.07503876 0.07513916 0.07520735 0.07509129 0.0751584
 0.07510704 0.07519854 0.07516666 0.07501393 0.0751693  0.07496167
 0.07456206]",1.0327854381139685,1.0338498480186664,0.07503876218276799,0.07513916040878921,0.075207353837983,0.0750912853004174,0.07515839681008983,0.07510704229150507,0.07519854048529132,0.07516666152591686,0.0750139317863189,0.0751693001699179,0.07496167383906929,0.0745620585375586,0.09918583282437465
23,2019-04-23,"[0.09918492 0.07504371 0.07513654 0.07520092 0.07509071 0.07515858
 0.07510448 0.07520133 0.07516766 0.07501562 0.07516935 0.07496329
 0.07456291]",1.0302854226345364,1.0312659525361898,0.0750437093556001,0.07513653901839129,0.07520091809489882,0.07509070676799538,0.07515857765987191,0.07510447982707537,0.07520132792304945,0.07516765591257285,0.07501561596119972,0.07516934717563376,0.0749632891243284,0.07456291368434356,0.09918491949503941
24,2019-04-24,"[0.09918986 0.07504351 0.07513653 0.07519694 0.0750912  0.0751603
 0.07511194 0.07520241 0.07517137 0.07500795 0.0751659  0.07496172
 0.07456037]",1.0356822008047841,1.0368450855140388,0.07504350578808391,0.07513652577196621,0.0751969394948396,0.07509120388602902,0.07516030048768257,0.07511194180426185,0.07520240514000238,0.07517137452065886,0.07500795273505212,0.07516589962471097,0.07496171965113135,0.07456037050700247,0.09918986058857865
25,2019-04-25,"[0.09919812 0.07504246 0.07513969 0.07519156 0.07508854 0.07515544
 0.07511055 0.07520094 0.0751687  0.07501056 0.07517129 0.07496263
 0.07455952]",1.046959578974825,1.0484891528120346,0.07504246199594942,0.07513968943641475,0.07519155927018263,0.07508853532029611,0.07515543686743284,0.07511055320010189,0.07520094273870867,0.07516869967766139,0.0750105606640548,0.07517129250141773,0.07496263407579945,0.07455951684609119,0.09919811740588914
26,2019-04-26,"[0.09919563 0.07504426 0.07514331 0.07518927 0.07508897 0.07515102
 0.0751062  0.07519865 0.07516692 0.07501551 0.07517331 0.07496514
 0.07456179]",1.050148506772208,1.0517842811327236,0.07504426097776459,0.07514331039496891,0.07518927380657744,0.0750889716089794,0.075151021539599,0.0751062032843676,0.07519865294912954,0.07516691890671588,0.07501550947021725,0.07517331427735285,0.07496514399896424,0.07456178941883528,0.09919562936652793
27,2019-04-29,"[0.09921773 0.075042   0.07514036 0.07518508 0.07508332 0.07514702
 0.07511025 0.07519414 0.07516647 0.07502466 0.07516423 0.07496328
 0.07456145]",1.0432559210623447,1.04467425218663,0.07504200115300011,0.0751403561658506,0.07518508130675956,0.07508332285325708,0.07514702348582684,0.07511025076773531,0.07519413841580444,0.07516647016457502,0.07502466494203056,0.07516422834858685,0.0749632845941926,0.07456144781907012,0.09921772998331103
28,2019-04-30,"[0.09812172 0.07506964 0.07517124 0.07521505 0.07510324 0.07517869
 0.07515261 0.07523397 0.07520978 0.07505528 0.07519598 0.07498675
 0.07530605]",1.0502666682763666,1.0519137670247527,0.07506964404835831,0.07517124437014783,0.07521505055214663,0.07510324156412423,0.07517869204996244,0.07515260731615332,0.07523396790208448,0.07520977576544748,0.0750552774325916,0.07519597925415608,0.07498675022162414,0.07530604705768736,0.09812172246551619
29,2019-05-01,"[0.09811963 0.07506864 0.07517083 0.07521767 0.07510444 0.07517662
 0.07514803 0.07523459 0.07520951 0.075053   0.07520142 0.07498542
 0.0753102 ]",1.045601901090705,1.0471077040246817,0.07506864104944959,0.07517083023650145,0.07521766568719422,0.0751044436951832,0.07517661747189763,0.0751480314255839,0.075234586102817,0.07520951206983967,0.0750529973437212,0.07520141835397523,0.07498542077087492,0.07531020337996848,0.09811963241299348
30,2019-05-02,"[0.09811478 0.07506132 0.07516687 0.07521935 0.07510463 0.07517146
 0.07515034 0.07522673 0.07520765 0.07505365 0.0752229  0.07499194
 0.07530839]",1.0539184207364223,1.0556892871446548,0.07506132021646442,0.07516687018996228,0.0752193510719113,0.07510462936478998,0.0751714559792446,0.07515033782051975,0.0752267336953471,0.07520764799048053,0.0750536458119913,0.07522289997150543,0.0749919376498633,0.07530838859536167,0.09811478164255838
31,2019-05-03,"[0.09810642 0.07506253 0.07516674 0.07522128 0.07510362 0.07517769
 0.07515916 0.07522981 0.0752151  0.07504877 0.07522888 0.07497095
 0.07530907]",1.0413923450885407,1.04277172320581,0.07506253065490907,0.07516673933556962,0.07522128004575052,0.07510362191000798,0.07517768533736563,0.0751591628566574,0.07522981001822591,0.07521509807876223,0.07504876669505575,0.07522887815768912,0.07497094652393883,0.07530906500981056,0.09810641537625704
32,2019-05-06,"[0.09810615 0.07506853 0.07516978 0.07522076 0.07510434 0.07516686
 0.07515579 0.0752301  0.07521488 0.07505027 0.07522811 0.07497374
 0.0753107 ]",1.0551538211856368,1.0569626391365121,0.07506853064839884,0.07516977957866273,0.07522075944923479,0.07510434463637759,0.07516685845513721,0.07515578646188802,0.07523009519885092,0.07521487857515466,0.07505026723451624,0.07522811326906771,0.07497373905664663,0.07531069996158547,0.09810614747447927
33,2019-05-07,"[0.0981259  0.07506568 0.07516591 0.07521882 0.07511317 0.07517114
 0.07515686 0.07522583 0.07521078 0.07505059 0.07522273 0.07497029
 0.0753023 ]",1.0437199513937305,1.045164150641685,0.07506568265801145,0.07516590870676604,0.07521882237857827,0.07511316568861003,0.07517113864932498,0.0751568586971246,0.0752258271203553,0.07521078276321917,0.07505059075635179,0.07522273327105218,0.07497028703509344,0.0753022994806166,0.09812590279489591
34,2019-05-08,"[0.09812875 0.07506771 0.07516767 0.07521951 0.07511237 0.07517072
 0.07515333 0.07522178 0.07521133 0.07505091 0.0752196  0.07497472
 0.0753016 ]",1.0488801937442722,1.0504834541811567,0.07506771053809948,0.07516766696042086,0.0752195105428191,0.07511236718756122,0.07517071915360789,0.07515333240372016,0.07522178269226773,0.07521132942026883,0.0750509076317575,0.07521960438926542,0.07497472469521067,0.07530159677697164,0.09812874760802959
35,2019-05-09,"[0.09811833 0.07507095 0.07516686 0.07521711 0.07510798 0.07518081
 0.07515052 0.07522468 0.07522072 0.07504745 0.07521689 0.07497932
 0.07529837]",1.0393312040615639,1.0406321088862371,0.07507094534686513,0.07516685907417564,0.07521711353770576,0.07510798218126381,0.07518081054457923,0.07515052306742537,0.07522468385078822,0.07522072114373735,0.07504744961371765,0.07521688706400674,0.07497932333875267,0.07529837478619399,0.09811832645078852
36,2019-05-10,"[0.09811706 0.07506583 0.07516767 0.07521719 0.07510779 0.07518237
 0.07514735 0.07523266 0.0752167  0.07504864 0.07521917 0.07497916
 0.0752984 ]",1.0352736038766386,1.0364473572861794,0.07506583397634586,0.07516766995954091,0.07521719180720705,0.07510778828796282,0.07518236866713397,0.07514734685406045,0.07523266460069593,0.07521670224668132,0.07504864379062966,0.07521917047729905,0.07497915887755746,0.07529840458678179,0.09811705586810367
37,2019-05-13,"[0.09833334 0.07506177 0.07516348 0.07510524 0.07509838 0.07518153
 0.07513784 0.07521871 0.07519723 0.07503648 0.07520561 0.07497621
 0.07528418]",1.0312208294221745,1.0322705521866031,0.07506176500285675,0.07516347696406174,0.07510524494316055,0.07509838035790281,0.07518153283545284,0.0751378444654453,0.07521871104362664,0.07519722993653508,0.07503648475579494,0.07520560528248482,0.07497620676521868,0.07528417884565912,0.09833333880180053
38,2019-05-14,"[0.09835168 0.07505374 0.07515814 0.07510047 0.07510064 0.0751753
 0.07513485 0.07520886 0.07518958 0.0750427  0.07520628 0.07498995
 0.0752878 ]",1.0242582228978785,1.025089037410494,0.07505373760579256,0.07515813641532458,0.07510047114096022,0.07510064124195524,0.07517530133966148,0.07513485397025196,0.07520886079948148,0.075189580925486,0.07504270480900975,0.07520628056931378,0.07498995361486431,0.07528779870108548,0.09835167886681316
39,2019-05-15,"[0.09836697 0.07505126 0.07515168 0.07509315 0.07509557 0.0751723
 0.07512702 0.07521567 0.07520163 0.0750493  0.07519972 0.07498886
 0.07528686]",1.0181416841642217,1.0187843121748628,0.07505125724305739,0.07515168487846599,0.07509315096847209,0.07509557482643779,0.0751722987504717,0.07512701565357023,0.07521566602191075,0.07520163499012365,0.07504930308589006,0.0751997218758151,0.07498886094942005,0.0752868620028551,0.09836696875351009
40,2019-05-16,"[0.09836779 0.07505252 0.07514904 0.07509385 0.07509632 0.07517176
 0.07511933 0.07521801 0.07519944 0.07505581 0.07520361 0.07498715
 0.07528537]",1.0158670468100823,1.0164408679390926,0.07505251737157576,0.07514904251693198,0.0750938536109961,0.07509631692869083,0.07517175915103953,0.07511933453989521,0.07521801361733683,0.07519943619130821,0.07505580616211913,0.07520361429432867,0.07498714786845485,0.07528536678771121,0.09836779095961186
41,2019-05-17,"[0.09837698 0.07505016 0.0751472  0.07509696 0.07509722 0.07517328
 0.07512218 0.07523047 0.07519528 0.07504399 0.07519665 0.07498573
 0.0752839 ]",1.033187701063884,1.0342885318111694,0.07505016197422597,0.0751471985767907,0.07509695810200927,0.07509722076976942,0.07517327537418265,0.07512217717571136,0.0752304747303736,0.07519527740751748,0.07504399129169924,0.07519664773684127,0.0749857311305198,0.07528390165044616,0.09837698407991323
42,2019-05-20,"[0.09838962 0.07505148 0.07514686 0.07510203 0.07509648 0.07517164
 0.075125   0.07522106 0.07519039 0.07504532 0.07519555 0.07498814
 0.07527642]",1.0280726527313158,1.029012872186247,0.07505148036577237,0.07514685777313254,0.07510203389601913,0.07509648324310281,0.07517163624429696,0.07512500227365307,0.07522106298450154,0.07519039403200661,0.07504531799570058,0.07519555259095835,0.07498813819598868,0.07527642116383221,0.09838961924103515
43,2019-05-21,"[0.09838096 0.07504991 0.07514966 0.07509796 0.07509732 0.07516954
 0.0751227  0.07522458 0.07518851 0.0750484  0.07519697 0.07498933
 0.07528418]",1.0258936669405712,1.0267666147135404,0.07504990843039684,0.07514966006008611,0.07509795668774473,0.07509731783345008,0.07516954119229934,0.0751226957303636,0.07522457957333163,0.0751885069864089,0.07504839585242216,0.07519696545085412,0.07498933029272764,0.07528418230505453,0.09838095960486029
44,2019-05-22,"[0.09837735 0.07505053 0.07515227 0.07509626 0.0750958  0.07516719
 0.07512174 0.07521869 0.07518532 0.07505434 0.07520373 0.07499341
 0.07528338]",1.0310258794990683,1.0320576460698974,0.07505053071807831,0.07515226517511538,0.07509625555427668,0.07509579865583431,0.07516718878900783,0.07512174272560536,0.07521868547869845,0.07518532451962118,0.07505433840672149,0.07520373418615421,0.07499340558087778,0.07528337529642337,0.09837735491358579
45,2019-05-23,"[0.09837158 0.0750559  0.0751553  0.07509819 0.0750976  0.07516232
 0.07512324 0.07522595 0.0751866  0.07505076 0.07520235 0.07498393
 0.07528627]",1.0354029192927212,1.036571862823919,0.07505590176682483,0.0751552963416808,0.07509819485492662,0.07509760498208908,0.07516232389744791,0.07512323547344521,0.0752259542204589,0.0751866047949891,0.07505075588904836,0.0752023472357989,0.07498393142641416,0.0752862737631077,0.09837157535376813
46,2019-05-24,"[0.09835355 0.07505567 0.07514934 0.07510019 0.07510139 0.07517051
 0.07511579 0.07521976 0.0751912  0.07505295 0.07520564 0.07499417
 0.07528984]",1.0323267404508665,1.0333966347626278,0.0750556684391824,0.07514933595303844,0.075100186280366,0.07510139394693353,0.07517050869950019,0.07511579291255634,0.07521976208540801,0.07519120124219107,0.07505295346417462,0.07520563625663351,0.07499417434211514,0.07528983989312349,0.09835354648477733
47,2019-05-28,"[0.09834413 0.07505744 0.0751495  0.07509953 0.07509648 0.07517446
 0.07511147 0.07522238 0.07519225 0.07506021 0.07520558 0.07499383
 0.07529272]",1.031462645959007,1.0325078485589148,0.07505743952646414,0.07514950112838852,0.07509953065780281,0.07509648135511683,0.07517445564438824,0.07511147434170945,0.07522238350700969,0.07519225493779383,0.07506021423149277,0.07520557745926824,0.07499383465950113,0.075292722331749,0.09834413021931532
48,2019-05-29,"[0.09834188 0.07506167 0.07515303 0.0750987  0.07509837 0.07517014
 0.07510526 0.07521521 0.07519629 0.07506239 0.07520683 0.07499735
 0.0752929 ]",1.0320425127694368,1.0331056463402333,0.07506167072704262,0.07515302619598978,0.07509869678005117,0.07509836721825626,0.07517013740929498,0.07510525839073127,0.0752152060024136,0.07519629488109132,0.0750623909467149,0.07520682814398433,0.07499734539818953,0.0752929002743377,0.09834187763190252
49,2019-05-30,"[0.0983459  0.07507858 0.07515777 0.07509771 0.07509766 0.07516791
 0.07510493 0.07521373 0.07519782 0.07505171 0.07520325 0.07499519
 0.07528787]",1.0211391371443894,1.0218619218799916,0.0750785760760719,0.07515776805652878,0.07509770568032005,0.0750976575784409,0.07516790528213926,0.07510492928084139,0.07521373136367371,0.0751978154542934,0.07505170797949273,0.07520324657684135,0.0749951880265401,0.07528786706743884,0.09834590157737748
50,2019-05-31,"[0.09834067 0.07507799 0.07516094 0.07509729 0.07509566 0.07516643
 0.07510504 0.07521502 0.0752102  0.0750526  0.07520064 0.07499034
 0.07528717]",1.0204394323511896,1.0211420274320822,0.07507799455932519,0.07516093522095514,0.07509728858145616,0.07509566318113589,0.07516643336156807,0.0751050440256147,0.07521501820548519,0.07521020125048881,0.07505259811052675,0.0752006356703071,0.07499034011148419,0.07528717459858882,0.098340673123064
51,2019-06-03,"[0.09833669 0.07507533 0.07515553 0.07510336 0.07509584 0.07516736
 0.07510396 0.0752163  0.07520808 0.07505478 0.0752016  0.07499125
 0.07528992]",1.0115841622570987,1.012016773007073,0.07507532635893163,0.07515553264358936,0.07510335850249537,0.07509584280299797,0.07516736027692966,0.07510396469886957,0.07521629522512094,0.07520808213910869,0.07505478288297648,0.07520159552154812,0.07499125005751349,0.07528992298645774,0.09833668590346085
52,2019-06-04,"[0.09833777 0.07507828 0.07515547 0.07510378 0.07509413 0.07516664
 0.07509979 0.07522091 0.07519731 0.075064   0.0751993  0.07499356
 0.07528904]",1.0054555563624388,1.0057038097460653,0.07507827523628455,0.07515547364779353,0.07510378441919972,0.07509412561173821,0.07516664489082166,0.07509979427131194,0.07522091426229124,0.07519731228873497,0.075063999163523,0.07519929754971247,0.07499356145353275,0.07528904386104947,0.0983377733440067
53,2019-06-05,"[0.09832907 0.07507818 0.07515257 0.07510902 0.07509858 0.07517312
 0.07509922 0.07522668 0.07520131 0.0750586  0.0751836  0.07499526
 0.0752948 ]",1.006836503278777,1.0071291556497906,0.07507818105822105,0.07515256504292674,0.07510901605981568,0.0750985776446883,0.07517312455669131,0.07509921505152391,0.07522668369911854,0.07520130656578755,0.07505860002649632,0.07518359833712082,0.07499526315846111,0.07529480335967913,0.09832906543946945
54,2019-06-06,"[0.09832028 0.07508064 0.07515692 0.07511366 0.07509947 0.07517496
 0.07510337 0.07522167 0.07519617 0.07505874 0.07518599 0.07499238
 0.07529577]",1.018821487791953,1.019482631961341,0.07508064266687739,0.0751569211126982,0.07511366341599354,0.07509946591774676,0.07517496133891428,0.07510336697577051,0.07522166716627939,0.07519616578657695,0.07505873555533904,0.07518598548624128,0.07499237931878655,0.07529576610131583,0.09832027915746029
55,2019-06-07,"[0.09832815 0.07506446 0.07515953 0.07512212 0.07509835 0.07517752
 0.07511332 0.07521371 0.07519366 0.07505879 0.07518494 0.07499091
 0.07529455]",1.0211046682626979,1.0218366639013643,0.07506445684951189,0.07515952736584773,0.07512211936891808,0.07509835138972477,0.07517752057381703,0.0751133158180845,0.07521370524815112,0.0751936606449851,0.07505879124703403,0.07518494266621428,0.07499091165598624,0.07529455004508824,0.09832814712663707
56,2019-06-10,"[0.09837441 0.07506161 0.07515944 0.07513444 0.07510135 0.07518167
 0.0751224  0.07521779 0.07510422 0.07505916 0.0751912  0.07499509
 0.07529721]",1.0292051370126847,1.0301885210192838,0.07506160989614902,0.07515943576768189,0.0751344402495631,0.07510135032544323,0.07518167322137961,0.07512240068104487,0.07521779345965236,0.07510422293365851,0.07505916486676989,0.07519119758167873,0.07499508572628019,0.07529721220302349,0.09837441308767497
57,2019-06-11,"[0.09836691 0.07506732 0.07516396 0.07513532 0.07510902 0.07518178
 0.07511871 0.07521967 0.07510896 0.07505724 0.0751843  0.07499076
 0.07529605]",1.0457058744011427,1.0472015683263143,0.07506731827235662,0.07516395787629448,0.07513531688071531,0.075109024897268,0.07518178347231395,0.0751187081778311,0.07521967033773182,0.07510896383242487,0.07505723995966561,0.07518429895206517,0.0749907550147256,0.07529605276524567,0.09836690956136183
58,2019-06-12,"[0.09836849 0.07506789 0.07516511 0.07513377 0.0751089  0.07517942
 0.07512    0.07522148 0.0751123  0.07505582 0.07518381 0.07499181
 0.07529119]",1.0573566484053767,1.059217096957381,0.07506788735109467,0.07516511192588625,0.07513377430578726,0.07510890468614148,0.07517942140180725,0.07511999719742787,0.07522147518472985,0.07511230487189283,0.07505582474194823,0.07518381045664799,0.07499180564684128,0.07529119451725474,0.09836848771254009
59,2019-06-13,"[0.09836079 0.0750707  0.07516626 0.07513885 0.07510936 0.07517802
 0.07512274 0.07522714 0.07511231 0.07505282 0.07518273 0.0749863
 0.07529198]",1.0510069291240598,1.0526669107913467,0.07507069716705866,0.07516625838404656,0.07513884807257526,0.07510935704779842,0.07517802234102963,0.07512274473311267,0.0752271368088553,0.07511230542752703,0.07505282123314376,0.07518272897231845,0.0749863013308739,0.0752919838604823,0.09836079462117801
60,2019-06-14,"[0.0983615  0.07507045 0.07516382 0.07513665 0.07511662 0.07517988
 0.0751194  0.07522321 0.07511137 0.07505527 0.07518254 0.07498734
 0.07529196]",1.051323262403619,1.052989944004193,0.07507044808422049,0.07516381571644165,0.0751366510348065,0.07511662137011815,0.07517988403365744,0.07511939526102993,0.0752232075667211,0.07511137261513956,0.0750552707505296,0.07518253504083837,0.07498733921824152,0.07529196179642036,0.0983614975118353
61,2019-06-17,"[0.09835356 0.07507053 0.07516325 0.07513499 0.07513591 0.07517867
 0.07512126 0.07522607 0.07510669 0.07505071 0.07518064 0.07498518
 0.07529253]",1.0497199549254337,1.0513342448952752,0.07507053224141402,0.07516325333381488,0.07513499413441924,0.07513590907262124,0.07517866545217765,0.07512126469886536,0.07522606666803114,0.07510668895642167,0.07505071294687618,0.07518064351616609,0.07498518001744761,0.07529253346498846,0.0983535554967564
62,2019-06-18,"[0.09835757 0.07507204 0.07516367 0.07513402 0.075132   0.07517848
 0.07512121 0.07522503 0.07510979 0.07504629 0.0751828  0.07498528
 0.07529182]",1.0554763500285826,1.0572751213141034,0.07507203665977644,0.07516367416149798,0.0751340194667899,0.07513199645638338,0.07517848029329506,0.07512120763128476,0.07522503003342909,0.07510978953492424,0.07504628996830322,0.0751827989172595,0.0749852807543029,0.0752918241988999,0.09835757192385364
63,2019-06-19,"[0.09836141 0.07507677 0.07516863 0.07512044 0.07513212 0.07517948
 0.07512644 0.07522784 0.07511203 0.07503422 0.07518487 0.0749838
 0.07529195]",1.0704119887332886,1.0726910707466526,0.07507676748769188,0.07516863425769757,0.07512044476779414,0.07513211706209608,0.07517948461721882,0.07512643683735684,0.07522784298291303,0.0751120325923368,0.07503421563278953,0.07518487177492818,0.07498379859667276,0.07529194711806154,0.09836140627244308
64,2019-06-20,"[0.09835781 0.07507943 0.07517128 0.07512505 0.07513134 0.07516892
 0.07512951 0.07522891 0.07511696 0.07504196 0.07518568 0.07497115
 0.07529201]",1.0659670613072738,1.0680990866037088,0.07507943363508672,0.07517128153624913,0.07512504892099947,0.07513134315920235,0.07516892381559703,0.07512951013139924,0.07522890820682922,0.075116956493296,0.07504195703530793,0.07518567546629447,0.07497114637930374,0.07529200851319102,0.09835780670724345
65,2019-06-21,"[0.09836353 0.07507687 0.07516878 0.07512604 0.07512988 0.07517057
 0.07512948 0.07522989 0.07511656 0.07504372 0.07518619 0.07496905
 0.07528942]",1.0761623110469327,1.0786231989428094,0.07507687111359213,0.07516878478313543,0.07512604279215832,0.07512988199463919,0.07517057467681325,0.07512948317429473,0.07522989103593417,0.07511655909443155,0.07504372267552635,0.0751861925074893,0.07496904675876304,0.07528942037798235,0.09836352901524033
66,2019-06-24,"[0.09836334 0.07507213 0.07516739 0.07512942 0.07512531 0.07516436
 0.07512945 0.07523343 0.0751203  0.07504469 0.07518699 0.07496995
 0.07529324]",1.0754526840861973,1.0778899811928842,0.07507213230371737,0.07516738970048839,0.07512941709756057,0.0751253066711764,0.07516435678492316,0.07512944652725553,0.07523343244112866,0.07512030185946628,0.07504469062756977,0.07518698870699904,0.07496995409910297,0.07529323941337866,0.09836334376723313
67,2019-06-25,"[0.09835749 0.0750718  0.07516672 0.07513053 0.07512218 0.07516623
 0.07512413 0.07523592 0.07511991 0.07504641 0.07519066 0.07497056
 0.07529745]",1.0790984221810513,1.0816551981907498,0.07507179726185387,0.07516671597118842,0.07513052815375316,0.0751221841675795,0.07516623172856744,0.07512413452349577,0.07523592262024542,0.07511991151584056,0.0750464125333736,0.07519065952705903,0.07497056315922247,0.0752974498402301,0.09835748899759075
68,2019-06-26,"[0.09836296 0.07507313 0.07516399 0.07513505 0.0751232  0.07516622
 0.075121   0.07523584 0.07511891 0.07504448 0.07519068 0.07496983
 0.07529471]",1.076149295040013,1.0786104516283292,0.07507313128960594,0.07516398588132724,0.07513505481341196,0.0751232024968777,0.07516621962901691,0.07512100260857812,0.0752358378926498,0.07511891278708346,0.07504447647959667,0.07519067648680414,0.07496982745340829,0.07529470764119456,0.09836296454044527
69,2019-06-27,"[0.09836353 0.07507167 0.07516299 0.07513542 0.07512147 0.07516944
 0.07511904 0.07523509 0.07511852 0.0750462  0.07519294 0.07497047
 0.07529322]",1.0679253777420785,1.0701199965559995,0.07507167064412772,0.07516299238000092,0.07513541613284881,0.07512147171258168,0.07516943928111898,0.07511903877617572,0.07523509057364015,0.07511852487255787,0.07504619856348617,0.07519293993225566,0.07497047247786494,0.07529321759363153,0.09836352705970992
70,2019-06-28,"[0.09836437 0.07507757 0.07516478 0.07514306 0.07511922 0.07516132
 0.07512051 0.0752358  0.07511863 0.07504744 0.07519366 0.0749638
 0.07528982]",1.0658855400558196,1.0680159349439124,0.07507757452772269,0.07516477718060993,0.07514305886027736,0.07511922101194154,0.07516132174237271,0.07512051304003226,0.07523579852865138,0.07511863455249367,0.07504744426515671,0.07519366212468687,0.07496380225565055,0.0752898211855101,0.09836437072489411
71,2019-07-01,"[0.0983674  0.07507819 0.07516546 0.07514507 0.07511743 0.07515987
 0.07512016 0.07523669 0.07511674 0.07505148 0.07518932 0.07496472
 0.07528746]",1.0657283632007026,1.067852350375224,0.07507819212029927,0.07516546496769759,0.07514506604397389,0.07511743401307881,0.07515987052958575,0.07512015801991906,0.0752366938448528,0.07511673780565534,0.075051476867146,0.07518931934116262,0.07496472190616088,0.07528746302053226,0.09836740151993578
72,2019-07-02,"[0.09836674 0.07508236 0.07516804 0.07514433 0.0751179  0.07515346
 0.07512023 0.07523602 0.0751178  0.07504963 0.07518753 0.07496707
 0.07528889]",1.0775483269164294,1.0800548324121955,0.07508235928734952,0.07516804023802977,0.07514432560970304,0.07511789993448537,0.07515346173176693,0.0751202304955908,0.07523602354493661,0.07511780331481416,0.07504962745852581,0.07518753036361435,0.07496706560973455,0.07528889075484917,0.09836674165659992
73,2019-07-03,"[0.09836383 0.075081   0.07516395 0.07514263 0.07511571 0.07515777
 0.07512632 0.0752364  0.0751195  0.07505096 0.07518497 0.07496796
 0.075289  ]",1.0805491391048911,1.0831505781147641,0.07508099835633779,0.07516394946380647,0.07514263361282632,0.07511570658768921,0.07515776925589651,0.0751263241069869,0.0752363976474838,0.07511949819761338,0.07505095994908402,0.07518496973390323,0.07496796341464289,0.07528899868709191,0.0983638309866375
74,2019-07-05,"[0.09836859 0.07507925 0.07516134 0.07514011 0.07511833 0.07516373
 0.07512644 0.07523413 0.07511832 0.0750518  0.07518077 0.0749681
 0.07528907]",1.0854811079196147,1.0882438136277774,0.0750792547757662,0.07516134339138,0.075140113968474,0.07511833142425899,0.07516372902766404,0.07512644498168766,0.07523412686292444,0.07511831682182608,0.07505180241340231,0.07518077468015989,0.07496809771070301,0.0752890728569257,0.09836859108482769
75,2019-07-08,"[0.09836707 0.07507267 0.07516349 0.07513707 0.07512087 0.07516503
 0.07512919 0.07523605 0.07511676 0.07505233 0.07517908 0.07496806
 0.07529234]",1.0882150512915008,1.091068465750911,0.07507266546550509,0.07516348512912302,0.07513706616867855,0.07512087271020655,0.07516502924970601,0.07512918963153005,0.07523604536629039,0.07511676358231223,0.07505233403788891,0.07517908400405808,0.07496805777783822,0.07529233520553524,0.09836707167132774
76,2019-07-09,"[0.09836763 0.07507883 0.07516251 0.07513816 0.07512054 0.07516479
 0.07512693 0.07523545 0.07511622 0.07505136 0.07517579 0.07497016
 0.07529163]",1.0903329257400975,1.0932524943923323,0.07507883045291178,0.07516251157947647,0.07513816166507511,0.07512053852144847,0.07516478633459939,0.07512692840241451,0.07523545257492568,0.07511621962404512,0.07505136055539545,0.07517579266193561,0.07497015975219082,0.07529162707446535,0.09836763080111639
77,2019-07-10,"[0.09837685 0.07508087 0.07516483 0.0751369  0.07511937 0.07516331
 0.07512794 0.07523579 0.07511555 0.07504928 0.0751686  0.07497307
 0.07528764]",1.087973954056321,1.0908133430576186,0.07508087093141468,0.07516482875931006,0.07513690463445608,0.07511937260687958,0.07516330717901358,0.07512793994167441,0.07523578608346312,0.07511555368197508,0.07504927600816547,0.07516860059951928,0.0749730739414221,0.07528763612459072,0.0983768495081159
78,2019-07-11,"[0.09865813 0.07488168 0.07516767 0.07512839 0.07512384 0.07515318
 0.07512453 0.0752317  0.0751109  0.07504037 0.07515945 0.07496023
 0.07525992]",1.0929755861551664,1.0959792741638112,0.07488168119179252,0.07516767258790304,0.07512839132144121,0.07512383653520216,0.07515318384427364,0.07512452990804465,0.07523170282524282,0.07511090220038302,0.07504036836366446,0.07515944762140019,0.07496023404104873,0.07525992349798306,0.0986581260616204
79,2019-07-12,"[0.09866257 0.07486005 0.07516485 0.0751312  0.07512356 0.07515589
 0.07513327 0.07523342 0.07511139 0.07504517 0.07516006 0.07495969
 0.07525889]",1.0973599928407858,1.1005127561570685,0.07486005150742993,0.07516484845616932,0.07513119566334166,0.07512356355607869,0.07515588801421447,0.07513327001681908,0.07523341901302502,0.0751113851291671,0.07504516745307616,0.07516005918385796,0.07495969312222836,0.07525888849149952,0.09866257039309254
80,2019-07-15,"[0.09865874 0.07485995 0.07516376 0.0751323  0.07512351 0.07514855
 0.07513367 0.07523251 0.07511526 0.0750456  0.0751644  0.07495956
 0.07526219]",1.09878841861801,1.1019854999090504,0.07485995031088731,0.07516376035161808,0.07513229965154866,0.0751235111563479,0.07514854991751894,0.07513366511822417,0.0752325079590163,0.07511526368388609,0.0750455997225338,0.0751643956813091,0.07495956325710615,0.07526219308102038,0.09865874010898326
81,2019-07-16,"[0.09865102 0.07486978 0.07516398 0.07513538 0.07512124 0.07515159
 0.07513363 0.07523182 0.07511659 0.07504455 0.07516089 0.07495747
 0.07526206]",1.104537632926133,1.1079268777115845,0.0748697788737157,0.07516398151255176,0.07513537535140215,0.0751212413708329,0.07515158657897344,0.07513363080756644,0.07523182084850363,0.07511658805955505,0.0750445504630654,0.0751608924637417,0.07495747089267513,0.07526205913670059,0.09865102364071623
82,2019-07-17,"[0.09864679 0.07486377 0.07516221 0.07513919 0.07511987 0.07514933
 0.07515169 0.07523132 0.0751159  0.0750436  0.07515936 0.07495625
 0.07526071]",1.104377645751214,1.1077633459908511,0.07486377013708842,0.07516221120271077,0.07513918778219003,0.07511987415903557,0.07514932884730907,0.07515168846452563,0.07523132357978843,0.0751159031004657,0.07504360337474374,0.07515935516135251,0.07495625445220498,0.07526070856296685,0.09864679117561824
83,2019-07-18,"[0.09864492 0.07487469 0.07516662 0.07513939 0.07511677 0.07515091
 0.07513143 0.07523334 0.07511477 0.07504403 0.07516192 0.07495826
 0.07526294]",1.103627499060804,1.1069882600498255,0.07487468692843907,0.07516662217903496,0.07513939306939035,0.07511677237041663,0.07515091256571721,0.07513142758972532,0.0752333448471148,0.07511476685127785,0.0750440253904792,0.07516192409061734,0.07495826338742423,0.07526293711239603,0.09864492361796716
84,2019-07-19,"[0.09864385 0.07488907 0.0751662  0.07513837 0.0751139  0.07514735
 0.07513631 0.0752313  0.07511444 0.07504146 0.07516042 0.07495561
 0.07526172]",1.0979135381537863,1.101082590377295,0.07488906962228278,0.07516620075130453,0.07513836889487428,0.07511389601503764,0.07514735047512244,0.07513631411268755,0.07523130328692193,0.075114437089179,0.0750414576830021,0.07516042356610601,0.07495561041105041,0.07526171995519292,0.0986438481372385
85,2019-07-22,"[0.09863884 0.07488954 0.07516995 0.07513372 0.07511681 0.07515134
 0.07512801 0.07523325 0.07511447 0.07504252 0.07516374 0.07495219
 0.07526561]",1.1012885029236748,1.1045714330703416,0.07488953699011218,0.07516995478221448,0.0751337161779127,0.0751168138860381,0.07515134404185542,0.07512801459579788,0.07523325205237796,0.07511447412044865,0.0750425239934308,0.07516373915604285,0.07495218642814139,0.0752656051002531,0.09863883867537482
86,2019-07-23,"[0.0986331  0.07491286 0.07517635 0.0751293  0.07511816 0.07513839
 0.07512781 0.07523044 0.07511426 0.07503614 0.07516238 0.07495815
 0.07526267]",1.0917340358321324,1.0946933314760783,0.07491285570034997,0.07517634643393498,0.0751292950146993,0.07511816342878036,0.07513838947694748,0.07512780918023038,0.07523044232520748,0.07511425714199176,0.0750361395240077,0.07516237804153487,0.07495814992415037,0.07526267195505139,0.09863310185311412
87,2019-07-24,"[0.09863011 0.07490679 0.07517733 0.07513072 0.07511683 0.07513625
 0.07514269 0.07523861 0.0751178  0.07503602 0.07516057 0.07494649
 0.0752598 ]",1.1017834038715941,1.1050790051548036,0.07490678673979587,0.07517733168998374,0.07513071995233822,0.07511683113197354,0.07513624814798603,0.07514268710572763,0.07523861423406002,0.0751177959989141,0.07503602381868421,0.07516056786462419,0.07494649000685315,0.07525979777592269,0.09863010553313661
88,2019-07-25,"[0.09863674 0.07490487 0.07516352 0.0751321  0.07511612 0.07514411
 0.0751264  0.07524748 0.07512044 0.07503929 0.07515682 0.07495071
 0.0752614 ]",1.0974339301382643,1.1005840903115836,0.0749048722904335,0.07516351766955155,0.07513209540734303,0.07511612128674615,0.07514411477959768,0.07512640327714315,0.07524748040521413,0.07512043870294677,0.07503928873563512,0.0751568195135959,0.07495070919686464,0.07526139797002115,0.09863674076490728
89,2019-07-26,"[0.09863625 0.07490859 0.07516773 0.07513002 0.07511221 0.07514539
 0.07512045 0.07524768 0.07511974 0.07503866 0.07516052 0.07495241
 0.07526036]",1.1032768307785041,1.1066194734452375,0.07490859255478749,0.07516772873286373,0.07513002150602965,0.07511221359252168,0.0751453852775666,0.07512045018076341,0.07524767591069088,0.07511973639160607,0.07503866067675684,0.07516051517925273,0.07495240882456558,0.07526036422105799,0.09863624695153743
90,2019-07-29,"[0.09867895 0.07490916 0.07508694 0.07512751 0.07511727 0.07514544
 0.07513637 0.07524453 0.07512257 0.07505088 0.07516083 0.07495528
 0.07526426]",1.1050493406414321,1.1084500514874098,0.07490915642126696,0.07508694068356928,0.07512751176207745,0.07511726638840359,0.07514544150439208,0.07513637287284651,0.07524453378389427,0.07512257013510687,0.0750508806046862,0.07516083328949343,0.07495528215123942,0.07526426429254582,0.09867894611047817
91,2019-07-30,"[0.09868869 0.07489216 0.07507351 0.07512743 0.07510996 0.0751428
 0.07514505 0.0752374  0.07511603 0.07504898 0.07517025 0.07495764
 0.07529009]",1.1091383785040134,1.1126810816578636,0.07489216243345755,0.0750735146041697,0.07512742782401417,0.07510996097259853,0.07514280107472687,0.07514504903798855,0.07523740406781605,0.07511603232176464,0.07504898000742487,0.07517024928317141,0.07495764273915562,0.07529008854335538,0.09868868709035657
92,2019-07-31,"[0.09867812 0.07489014 0.07507531 0.07512846 0.07510987 0.07514306
 0.07514351 0.07524259 0.07511757 0.07505335 0.07516993 0.07495271
 0.07529537]",1.1027798819123384,1.1061128364081605,0.0748901356617857,0.07507530852473977,0.07512846131013699,0.07510986535363427,0.07514306284094802,0.07514351458101705,0.07524259251293931,0.07511756841920883,0.07505335393022554,0.07516993226174476,0.07495270916184485,0.0752953709246687,0.09867812451710611
93,2019-08-01,"[0.09867676 0.07489328 0.07507597 0.07512696 0.07511002 0.07514246
 0.07514872 0.07524176 0.07511667 0.07505171 0.07516832 0.07495257
 0.07529479]",1.105157673253195,1.108575462494193,0.07489328466430525,0.07507597405399365,0.07512695708458345,0.07511001625850192,0.07514246328075277,0.07514872445071635,0.0752417620086012,0.07511667032061513,0.07505170573712695,0.07516832301995183,0.07495256797388221,0.07529478803289552,0.09867676311407374
94,2019-08-02,"[0.0987192  0.07488998 0.07508028 0.0751186  0.07511645 0.07513659
 0.0751521  0.0752492  0.075114   0.07505101 0.07516427 0.0749207
 0.07528762]",1.095666201143034,1.0987643140628234,0.07488997877944621,0.07508028492185957,0.07511859983928444,0.07511645210032082,0.07513658575986286,0.07515210005168166,0.07524920296158533,0.07511399841618684,0.07505100822115127,0.07516427033291091,0.0749206983246045,0.0752876160137909,0.09871920427731454
95,2019-08-05,"[0.09874743 0.0748866  0.07507772 0.07511115 0.07512282 0.0751618
 0.0751325  0.0752486  0.07510759 0.07504584 0.07515968 0.0749224
 0.07527589]",1.0714449356462161,1.0737310069443757,0.07488659588132006,0.07507771729384767,0.07511114865374934,0.07512281592486832,0.07516180024218931,0.07513250152622972,0.07524859880776562,0.07510758544057711,0.07504583719972449,0.07515967533037507,0.07492240230386232,0.07527589171000566,0.09874742968548512
96,2019-08-06,"[0.09874616 0.07487805 0.07507408 0.07510949 0.07512625 0.0751586
 0.07513932 0.07524082 0.07510981 0.07505286 0.07516009 0.0749293
 0.07527517]",1.0552960458059946,1.0570603362041406,0.07487805129378056,0.07507408385953492,0.07510948838587829,0.07512624500798769,0.07515860140157067,0.07513932004261556,0.07524081524826609,0.0751098079404244,0.07505286427320608,0.0751600879129075,0.07492930383123952,0.07527516962129348,0.0987461611812954
97,2019-08-07,"[0.098757   0.07488225 0.0750769  0.07510375 0.07511644 0.07515646
 0.07513054 0.07523976 0.07512123 0.07504235 0.07516072 0.07494251
 0.07527008]",1.044068504755256,1.0454640479965425,0.0748822545204515,0.0750769021697763,0.07510374778043863,0.07511643619224542,0.07515646221135813,0.07513054448634611,0.07523976103136373,0.07512122787477242,0.07504235384822575,0.07516071965143416,0.07494250663767625,0.07527008041198026,0.09875700318393126
98,2019-08-08,"[0.0987508  0.07487776 0.07507453 0.07511196 0.07511452 0.07515841
 0.07512735 0.07524014 0.07511895 0.07504503 0.07516416 0.07494128
 0.07527511]",1.04620239407233,1.0476688754456105,0.07487776157339562,0.07507452580196779,0.07511196112694246,0.07511451634578244,0.07515840891342981,0.07512735244900456,0.07524013876512699,0.07511895049008295,0.07504502735615236,0.07516415941934401,0.07494128493155593,0.07527511424109505,0.09875079858611989
99,2019-08-09,"[0.09875195 0.07487256 0.07506788 0.07511623 0.07511648 0.07516261
 0.07512839 0.07524038 0.07511271 0.0750474  0.07516678 0.07493919
 0.07527746]",1.0562165587458783,1.058005181618694,0.07487255517342785,0.07506788396825678,0.0751162334334332,0.07511647518978903,0.0751626061059388,0.07512838996807575,0.07524037535233535,0.07511270669436866,0.07504740208639765,0.07516677685081079,0.07493919028344925,0.07527745593822444,0.09875194895549247
100,2019-08-12,"[0.09875194 0.07487007 0.07506741 0.07511082 0.07511403 0.07516355
 0.07512999 0.07524217 0.07511528 0.07504648 0.07517066 0.07493736
 0.07528022]",1.0744671197098616,1.0768455163919306,0.07487007190231636,0.07506740724975786,0.07511082447413803,0.07511403178837667,0.07516355473294538,0.07512998700943632,0.07524217220634216,0.07511527571580533,0.07504648469112311,0.07517066160577346,0.07493736266069972,0.07528022148083122,0.09875194448245442
101,2019-08-13,"[0.0987511  0.07486983 0.07507054 0.07510675 0.07511501 0.07516381
 0.07513515 0.07524473 0.07511458 0.07504348 0.07517099 0.07493525
 0.07527879]",1.0590300465132556,1.0609060079376544,0.07486983361357254,0.0750705394938429,0.07510674716882822,0.07511500706996982,0.07516381322521484,0.07513514926507651,0.07524472864781026,0.07511457520764166,0.075043478988542,0.0751709911661677,0.07493524721079886,0.07527878562506435,0.09875110331747036
102,2019-08-14,"[0.09874534 0.07486797 0.07506807 0.07510795 0.07511563 0.07516201
 0.07513483 0.07524815 0.07511964 0.075044   0.0751733  0.07493353
 0.07527958]",1.0503126149132618,1.0519110827540872,0.0748679720762231,0.07506806896987435,0.07510794781745732,0.0751156309627708,0.07516200633486213,0.07513482987284459,0.07524814972762485,0.07511963645300791,0.07504400372932414,0.07517329786384222,0.0749335332817152,0.07527958191135672,0.09874534099909676
103,2019-08-15,"[0.09873309 0.07487129 0.07507341 0.07511821 0.07511822 0.07515662
 0.07513178 0.07524795 0.0751165  0.07504737 0.07517623 0.07492419
 0.07528514]",1.0585406611181576,1.0604047812420343,0.07487128677759287,0.07507340828160113,0.07511821203800163,0.07511822109454983,0.07515662061538472,0.07513177681646639,0.07524794749239137,0.0751164992167551,0.07504737405673877,0.07517622767665554,0.07492419492337155,0.07528514492843175,0.09873308608205955
104,2019-08-16,"[0.09873344 0.07486416 0.07507104 0.07511599 0.07511479 0.07516155
 0.0751347  0.07524293 0.07512459 0.07505134 0.07517474 0.07492818
 0.07528256]",1.0567600786110476,1.0585580310286475,0.07486415828149871,0.07507103627755367,0.07511598504500681,0.07511478974438376,0.07516155140145923,0.07513470000609651,0.07524293221983999,0.07512458501702904,0.07505133783520994,0.07517474049248982,0.07492818440570377,0.07528255910949153,0.0987334401642372
105,2019-08-19,"[0.09875795 0.07485395 0.0750648  0.0751148  0.07511881 0.07516687
 0.07513466 0.07522285 0.07512164 0.07505257 0.07517427 0.07493473
 0.07528209]",1.0623113909868744,1.0642926545422895,0.0748539543617267,0.07506480287998181,0.07511479822020924,0.0751188068036337,0.0751668677749097,0.07513466400574963,0.07522285448460421,0.07512164108712258,0.07505256875751949,0.07517427242016081,0.07493473146977149,0.07528209238845689,0.09875794534615376
106,2019-08-20,"[0.09874805 0.07485278 0.07506266 0.07511702 0.0751208  0.07516865
 0.07513124 0.07522641 0.07512009 0.0750562  0.07518059 0.07492909
 0.07528643]",1.076088736086508,1.0785182943531368,0.0748527776026811,0.07506266241438626,0.07511702476389892,0.07512079564689456,0.07516864788853321,0.07513123998302156,0.07522641469823903,0.07512008999537467,0.0750562003537131,0.07518058581145982,0.07492908568049766,0.07528642768011135,0.09874804748118879
107,2019-08-21,"[0.09874534 0.07485401 0.07506328 0.07512189 0.07512269 0.07517187
 0.07512252 0.07522675 0.07512011 0.07505673 0.07517977 0.07492576
 0.07528928]",1.0743418885691944,1.0767175448367499,0.07485401484462723,0.07506328177949873,0.07512189372984195,0.07512268640735024,0.07517187252942033,0.0751225181729938,0.07522674871845231,0.0751201056567607,0.07505673227520836,0.0751797723483257,0.07492575936361655,0.07528927803524901,0.09874533613865513
108,2019-08-22,"[0.09873534 0.07485736 0.07507076 0.0751197  0.07512066 0.07516918
 0.07512209 0.07523163 0.07512308 0.07505803 0.07518131 0.07492168
 0.07528918]",1.0908811275426826,1.09379555343529,0.07485735565205594,0.07507076383760806,0.07511969744864079,0.07512066196231013,0.07516917569239812,0.07512208547746774,0.07523163495388319,0.07512307988998354,0.07505803165792517,0.07518130888375733,0.07492168436040259,0.0752891847719692,0.09873533541159808
109,2019-08-23,"[0.09868443 0.07486424 0.07507401 0.07512822 0.07512322 0.07517454
 0.07513507 0.07523468 0.07511975 0.07506374 0.07517714 0.07492133
 0.07529963]",1.0924423379028292,1.0954063847946982,0.07486423846860774,0.07507401141017322,0.07512822107639817,0.07512321605357082,0.07517453964089563,0.07513507346133395,0.07523467751564109,0.07511974610851166,0.07506373994587082,0.07517713882733854,0.0749213313875599,0.07529963302113672,0.09868443308296149
110,2019-08-26,"[0.09867267 0.07486374 0.07507047 0.07513263 0.07512437 0.07517258
 0.07514058 0.0752367  0.075113   0.07506751 0.07517711 0.07492261
 0.07530603]",1.0859894712213192,1.088742075589487,0.07486374193128716,0.0750704657945535,0.07513262597651453,0.07512437283904251,0.07517257922415811,0.07514058087839487,0.07523670409461036,0.07511300483226566,0.075067509040661,0.07517710750033521,0.07492260662017332,0.07530602734516817,0.09867267392283578
111,2019-08-27,"[0.09868143 0.07486753 0.07507103 0.07511771 0.07512219 0.07517066
 0.07513209 0.07523458 0.07511956 0.07506055 0.07518052 0.07493793
 0.07530421]",1.0746395363435899,1.0770157432894238,0.07486752966318846,0.07507103404739784,0.07511771339676578,0.0751221942869728,0.07517065541010752,0.07513209269304487,0.07523457935829017,0.0751195622319128,0.07506054576595955,0.07518052438668607,0.07493792843304993,0.07530421494613544,0.09868142538048881
112,2019-08-28,"[0.09867876 0.07484636 0.07506769 0.07512448 0.07512561 0.07517446
 0.07513921 0.07523653 0.07511591 0.07506395 0.07518299 0.07493602
 0.07530803]",1.0863879023728589,1.0891537979693249,0.0748463585973658,0.07506769148019332,0.07512447904026162,0.07512561377288225,0.07517446074793091,0.07513920920271284,0.07523652725450612,0.0751159076059198,0.07506395409053511,0.07518298962083707,0.07493602332015388,0.07530802682406167,0.09867875844263971
113,2019-08-29,"[0.09868114 0.07484717 0.07506644 0.07512448 0.07512414 0.07517488
 0.07513957 0.07523515 0.07511323 0.07506319 0.07518284 0.07493883
 0.07530893]",1.0843112906668186,1.0870101112027868,0.07484717340572733,0.07506643689525916,0.07512448400438297,0.07512414335554854,0.07517488313886131,0.0751395729692948,0.07523514826034694,0.07511323442027436,0.07506319109203209,0.07518284387280445,0.07493882554254692,0.07530892538165239,0.09868113766126882
114,2019-08-30,"[0.09867548 0.07484678 0.07506559 0.07512292 0.07512457 0.07517404
 0.07514093 0.07523451 0.07512154 0.07506434 0.07518252 0.07493653
 0.07531026]",1.0972769432052225,1.100405619163354,0.07484677718507449,0.0750655852058902,0.07512292024548152,0.0751245713384293,0.07517403979153289,0.07514093239346713,0.0752345060653078,0.07512154376313779,0.07506433640693352,0.07518251558880658,0.07493653437991182,0.07531026243297388,0.09867547520305303
115,2019-09-03,"[0.09869146 0.0748446  0.07506892 0.07511966 0.07512532 0.07518313
 0.07514374 0.0752276  0.07512017 0.07505963 0.07517973 0.07492892
 0.07530713]",1.0991300438088245,1.1023229504308436,0.07484459789895523,0.07506892492649753,0.07511966376019766,0.07512531691122631,0.07518312903003976,0.07514373986071932,0.07522759753378755,0.07512016861482283,0.07505962636130867,0.07517973161296664,0.0749289184127537,0.075307129408716,0.09869145566800877
116,2019-09-04,"[0.09876286 0.07484509 0.07506853 0.0751158  0.07512883 0.0751815
 0.07505806 0.07523499 0.07512457 0.07505899 0.07518996 0.07493419
 0.07529663]",1.089774805001618,1.0926578613369426,0.07484509119399156,0.07506852916396385,0.07511580471727806,0.0751288310851901,0.07518149620979275,0.07505805741614925,0.07523498554139352,0.07512456795454721,0.07505899109230635,0.07518995935182833,0.07493419308164977,0.07529663245772687,0.09876286073418247
117,2019-09-05,"[0.09877175 0.07484251 0.07506489 0.07511938 0.07512723 0.07517855
 0.07505689 0.07523261 0.07512557 0.0750608  0.07519261 0.07493754
 0.07528967]",1.094576890235961,1.097618040892324,0.07484250567912352,0.07506488980399184,0.07511938310418462,0.07512723133853641,0.0751785493351079,0.07505689172146199,0.0752326095620075,0.07512557350429996,0.0750607955503377,0.07519261264421857,0.07493753762419461,0.07528966657149139,0.09877175356104417
118,2019-09-06,"[0.09876714 0.07484337 0.07506868 0.0751142  0.0751293  0.07517953
 0.07505883 0.0752332  0.07512486 0.07505461 0.07519891 0.07493377
 0.07529359]",1.1097015726298274,1.1132477074978409,0.07484337029183076,0.0750686838579863,0.07511420390058686,0.07512930340372183,0.07517953048410712,0.07505882805452595,0.07523319958735518,0.07512485982841531,0.07505460878577268,0.07519891049811313,0.07493376586635067,0.07529359252934198,0.09876714291189206
119,2019-09-09,"[0.09877003 0.07485388 0.07507478 0.07511547 0.07512909 0.07518198
 0.07506101 0.07524149 0.0751253  0.07504566 0.07518374 0.07492794
 0.07528961]",1.1116609286473962,1.1152695594416606,0.07485387973323951,0.07507477625614074,0.07511547482437692,0.07512909415114945,0.0751819810753095,0.07506101260983715,0.07524149491297277,0.07512529820663148,0.07504566342850487,0.07518374310533457,0.074927941731739,0.07528960769234631,0.09877003227241775
120,2019-09-10,"[0.09900668 0.07484597 0.07507298 0.07510783 0.07512675 0.0750675
 0.07506162 0.07516549 0.07512392 0.07505015 0.07518641 0.07492746
 0.07525723]",1.108715400416912,1.1122244034267401,0.07484596755211033,0.07507298187961298,0.07510782806780644,0.07512675486708026,0.07506750326895713,0.07506161736184018,0.07516548721359775,0.0751239186945407,0.0750501531348111,0.07518641095119406,0.07492745939851311,0.07525723406320094,0.09900668354673495
121,2019-09-11,"[0.09899689 0.07485071 0.0750792  0.07510889 0.07512809 0.07505912
 0.07506541 0.07516156 0.07512998 0.07504758 0.07518814 0.07492674
 0.07525768]",1.1041434171690192,1.107497424065518,0.07485071408213281,0.07507920317328218,0.07510888873360119,0.07512808729434571,0.07505912462952441,0.07506541195463226,0.07516156175249446,0.07512997700995687,0.07504757619931969,0.07518814017100103,0.07492674081351235,0.07525768409554719,0.09899689009064985
122,2019-09-12,"[0.09899121 0.07485428 0.07508178 0.07510783 0.07512727 0.07505945
 0.07506463 0.07516527 0.07513033 0.07505398 0.07518941 0.07491334
 0.07526123]",1.1071739433474488,1.1106337528425336,0.07485428010096751,0.0750817772651795,0.07510782610393031,0.07512726665907456,0.07505945164809688,0.07506463142438255,0.07516526658363723,0.07513032928914569,0.07505397988792072,0.0751894149331828,0.07491334078627178,0.07526123018337555,0.09899120513483509
123,2019-09-13,"[0.09900311 0.074856   0.07508336 0.07510714 0.07512877 0.07505844
 0.07506453 0.07516979 0.07513554 0.0750406  0.07517623 0.07491753
 0.07525895]",1.1190147614023964,1.122881308279662,0.0748560041831183,0.07508335510431896,0.07510714270499376,0.07512876775024546,0.07505844392908845,0.07506453324769022,0.0751697944716717,0.07513554335622499,0.07504059539455486,0.07517622542458983,0.07491753109019604,0.07525895016612233,0.09900311317718506
124,2019-09-16,"[0.09900825 0.07485264 0.07507935 0.07511132 0.07512729 0.07505695
 0.07506198 0.07516605 0.07513487 0.07504066 0.07518269 0.07492417
 0.07525379]",1.1134209811420686,1.1170886219412701,0.07485264160944156,0.07507934846452463,0.07511132202351359,0.07512728609978542,0.075056948126039,0.07506197998432342,0.07516605126984263,0.07513487073093915,0.07504065718411862,0.0751826870412027,0.07492417008001084,0.0752537902322634,0.09900824715399514
125,2019-09-17,"[0.09901399 0.07485622 0.07508128 0.07510931 0.07512044 0.07505665
 0.07506035 0.07516268 0.07513221 0.07504013 0.07518102 0.07493129
 0.07525443]",1.1097976084292818,1.1133404419331416,0.07485621670207152,0.07508128205438198,0.07510931152091498,0.07512044476314815,0.07505664514149199,0.07506035062930869,0.07516268351644648,0.07513220943782156,0.0750401315089783,0.07518101965823673,0.0749312885520808,0.07525442906768495,0.09901398744743381
126,2019-09-18,"[0.09900603 0.07485909 0.07508244 0.07510925 0.07511949 0.07504863
 0.07505881 0.0751681  0.07513237 0.07504274 0.07518389 0.07492795
 0.0752612 ]",1.109008709448302,1.1125270005436556,0.07485909228475686,0.07508244121900406,0.07510924885769556,0.07511948991542255,0.07504863305637864,0.07505880640116595,0.07516810096445949,0.0751323720580461,0.07504273825985458,0.07518388924971843,0.07492795273738942,0.07526120291858335,0.09900603207752502
127,2019-09-19,"[0.09900933 0.07485695 0.07508717 0.07510738 0.07512227 0.07505099
 0.07505988 0.07516429 0.07513175 0.07503574 0.07518502 0.07493104
 0.07525818]",1.111689837467856,1.1153000474399815,0.07485695482159378,0.0750871745512222,0.0751073765020266,0.07512227105263382,0.07505098871534277,0.07505988304840709,0.07516428611270469,0.07513175287619163,0.07503574329873257,0.07518502095840555,0.07493104253218898,0.07525817919911293,0.09900932633143741
128,2019-09-20,"[0.09901466 0.07485804 0.07508673 0.07510711 0.0751256  0.07505287
 0.07505766 0.07516164 0.07513033 0.07503611 0.07518357 0.07492615
 0.07525953]",1.1148165097595562,1.1185325226686567,0.07485803778486473,0.07508673074487648,0.07510710772823022,0.07512559638196202,0.07505286934105847,0.07505766173052154,0.07516164462432219,0.07513032868613508,0.07503611173722759,0.0751835681918769,0.07492615273634727,0.0752595254252229,0.0990146648873546
129,2019-09-23,"[0.09901674 0.07485982 0.07508567 0.07510725 0.07511157 0.0750601
 0.07505804 0.07516289 0.07513486 0.07502952 0.07518304 0.07493077
 0.07525973]",1.1152552369503532,1.118986034381097,0.07485982330532803,0.07508567127602528,0.07510725254470661,0.075111568857621,0.07506010310211125,0.07505803758108685,0.07516288749134828,0.07513486337480477,0.07502951686805406,0.0751830394363051,0.07493077193719201,0.07525972677834362,0.09901673744707318
130,2019-09-24,"[0.09901926 0.0748584  0.07509049 0.07510405 0.07511223 0.07505927
 0.07505379 0.07515789 0.07513333 0.07503197 0.0751833  0.07493241
 0.07526361]",1.10535876023216,1.1087541898182045,0.07485839609855842,0.07509048887673234,0.07510405453292443,0.07511222717482768,0.07505926937163773,0.07505378511913087,0.07515789204622622,0.07513333358923997,0.07503197296831951,0.07518329817054951,0.07493241323309509,0.0752636094237466,0.09901925939501159
131,2019-09-25,"[0.09901475 0.07485879 0.07508929 0.07510675 0.07510665 0.07503665
 0.07505743 0.07516007 0.07513469 0.07504522 0.07518684 0.07493411
 0.07526876]",1.114512607373147,1.1182196305292695,0.074858789187806,0.0750892900834389,0.07510675144954143,0.07510665358937577,0.0750366519907028,0.07505743107050565,0.07516007136289164,0.07513468850729077,0.07504521719382604,0.07518683662772828,0.07493411001486532,0.07526875737232273,0.09901475154970461
132,2019-09-26,"[0.09900387 0.07485533 0.07508677 0.07510506 0.07510808 0.07503118
 0.07505385 0.07516401 0.07513232 0.07505813 0.07519286 0.0749326
 0.07527594]",1.1027642568230145,1.106071127071829,0.07485533286477782,0.0750867711254439,0.07510506282115836,0.07510807645447506,0.07503117556238721,0.07505385261850551,0.07516400936209701,0.07513231697840987,0.07505812802158622,0.07519286228168634,0.07493260478383774,0.07527593983406766,0.09900386729156742
133,2019-09-27,"[0.09901583 0.0748627  0.07509342 0.0751058  0.07511105 0.07503235
 0.07505397 0.07516593 0.07513478 0.07505247 0.07517953 0.07492564
 0.07526651]",1.107095859538504,1.110546150018319,0.07486269729826205,0.07509342441001492,0.07510580313752532,0.07511105433533205,0.07503235012889933,0.07505397109335735,0.07516593187922455,0.07513477785300712,0.07505247283673823,0.07517953314565888,0.07492564461065461,0.07526651009125992,0.09901582918006559
134,2019-09-30,"[0.09901127 0.07485437 0.0750885  0.07510317 0.07511801 0.07503367
 0.07505198 0.07516612 0.07513157 0.07506132 0.07518116 0.07492635
 0.07527251]",1.105039538424427,1.1084220960144417,0.0748543711921777,0.07508849807790181,0.07510316995992813,0.07511801247473628,0.07503366595416604,0.07505198070396897,0.0751661182494045,0.07513157319697002,0.07506131946925694,0.07518115952837427,0.07492635149632391,0.07527250872929515,0.09901127096749612
135,2019-10-01,"[0.09900123 0.07485736 0.07509079 0.07510448 0.07511769 0.07501809
 0.07505431 0.07516409 0.0751343  0.07506693 0.07518811 0.07492865
 0.07527396]",1.1014750922389873,1.104743071016144,0.07485736399661277,0.07509079418864871,0.07510447880046935,0.07511768670809467,0.0750180914725148,0.0750543128423691,0.07516408717551061,0.07513429740734558,0.07506693300724651,0.07518811321024925,0.07492865088742723,0.07527396319376381,0.09900122710974761
136,2019-10-02,"[0.09898848 0.07485314 0.07509186 0.07510459 0.0751167  0.07501555
 0.07506925 0.07516713 0.07513568 0.07506838 0.07519378 0.07492025
 0.07527521]",1.1081310743436517,1.1116279060271659,0.07485314275132517,0.07509185764583884,0.07510458705117329,0.07511670476323697,0.07501555316670887,0.07506925461325181,0.07516712741049629,0.07513567529276347,0.07506837946842339,0.07519377935466516,0.07492025113881944,0.0752752075082502,0.09898847983504702
137,2019-10-03,"[0.09897883 0.07484577 0.07508477 0.07510189 0.07513087 0.07502062
 0.07508773 0.07516385 0.07513749 0.07506631 0.07519432 0.07491675
 0.0752708 ]",1.0891394055348167,1.0919941671337807,0.07484577063887358,0.07508477291008134,0.07510188530189335,0.07513086736045242,0.07502061941737997,0.0750877254106551,0.07516384827454572,0.07513749166550916,0.07506631426800954,0.07519432061979779,0.07491675038624226,0.07527080082004378,0.09897883292651578
138,2019-10-04,"[0.09899625 0.07485575 0.07509414 0.07509596 0.07511407 0.07503621
 0.07508304 0.07515906 0.07513179 0.07505532 0.07519487 0.07491817
 0.07526537]",1.0842752677192955,1.0869667788382469,0.07485574524389904,0.07509414159055645,0.07509595893693027,0.07511407454789319,0.0750362073933955,0.07508303709805075,0.07515905646603764,0.07513179230373722,0.07505532345714676,0.07519487325381162,0.07491817016900187,0.07526536620854286,0.09899625333099675
139,2019-10-07,"[0.09898896 0.0748424  0.07508909 0.07509841 0.07511374 0.07503729
 0.07508439 0.07516881 0.07513609 0.0750498  0.07519847 0.07492489
 0.07526765]",1.095896949615057,1.0989793815629991,0.07484239728586624,0.07508908901492943,0.07509840945702759,0.07511374151235041,0.07503729332489563,0.07508439451805239,0.07516880887408266,0.07513608933346133,0.07504980143831579,0.07519847079729022,0.0749248937639677,0.07526764814043403,0.09898896253932654
140,2019-10-08,"[0.09898483 0.07484218 0.07508651 0.07510239 0.07511385 0.07503257
 0.07507457 0.07517081 0.07514488 0.07505577 0.07519917 0.07491841
 0.07527406]",1.1046775623844507,1.1080560382718259,0.07484217874829195,0.07508651467204483,0.07510239335743954,0.07511385033534074,0.07503256899656917,0.07507457170264939,0.07517080733146463,0.07514487887417999,0.07505577424674247,0.07519917102021505,0.07491840530072988,0.07527405845264487,0.0989848269616875
141,2019-10-09,"[0.0989836  0.07485455 0.07509182 0.07509848 0.07511554 0.07502805
 0.07507877 0.07517108 0.07514045 0.07505242 0.07519607 0.07491791
 0.07527125]",1.0978100898416325,1.1009540543667513,0.07485455420148894,0.07509182155219069,0.07509848410782055,0.07511554472748808,0.07502804779859328,0.07507877180152558,0.07517108159280815,0.0751404487959137,0.07505242499605151,0.07519607137252521,0.07491790756810893,0.07527124570966906,0.09898359577581646
142,2019-10-09,"[0.09898328 0.07486001 0.07509198 0.07509922 0.07511137 0.07503693
 0.07506763 0.07516598 0.07513828 0.07505297 0.07520195 0.07491752
 0.07527288]",1.1020970158858276,1.1053847476171874,0.07486001124946255,0.07509198240646563,0.07509922261547312,0.07511136966470916,0.0750369302942018,0.07506763479947257,0.07516597512807333,0.07513827769581088,0.07505296977474042,0.07520195039837219,0.07491751589038478,0.0752728849840382,0.09898327509879527
